chart_date,chart_rank,track_name,artist_names_text,album_name,streams,streams_change,rank_change,days_on_chart,peak_rank,rank_momentum,streams_momentum,album_image_url,spotify_track_url
2026-06-11,1,SWAG MUSIC,Artie 5ive,SWAG MUSIC,349129,-4490,0,28,1,Stable,Streams down,https://i.scdn.co/image/ab67616d0000b273367221e0ff226ec629714cc6,https://open.spotify.com/track/3QGY1Tr2MePboAxYtsdbn4
2026-06-11,2,OSSESSIONE,"Samurai Jay, Vito Salamanca",OSSESSIONE,290592,4047,0,22,1,Stable,Streams up,https://i.scdn.co/image/ab67616d0000b2734305c86a243ca7e7db9d710c,https://open.spotify.com/track/63sQFPGkKfzcK5qEZVefpu
2026-06-11,3,LA TESTA GIRA,"Fred De Palma, Anitta, Emis Killa",LA TESTA GIRA,248984,9954,1,77,3,Rising,Streams up,https://i.scdn.co/image/ab67616d0000b27303fcfef7dec7395e7f34a83b,https://open.spotify.com/track/5k5scIRaBAJStJF1xWCqgc
2026-06-11,4,Cuore rotto,Tony Boy,Cuore rotto,236422,-3058,-1,7,1,Falling,Streams down,https://i.scdn.co/image/ab67616d0000b27358005fdf22ddffcd402f207d,https://open.spotify.com/track/45vry78xJDOxCzW6oPbLyN
2026-06-11,5,CANZONE D'AMORE,Geolier,TUTTO È POSSIBILE,233417,-864,0,147,3,Stable,Streams down,https://i.scdn.co/image/ab67616d0000b2738f6566879ccbdbc90b4fc974,https://open.spotify.com/track/3WL6jUG9qR8rhOOVlD51JE
2026-06-11,6,Splinter Cell,"G.Mineiro, Flatpearl, Jiz, Succo",Splinter Cell,233090,3579,1,17,6,Rising,Streams up,https://i.scdn.co/image/ab67616d0000b273e9c1ffd4d58b8b5be2e2d602,https://open.spotify.com/track/3KsGBiWVuybY3Zm7LDKuqK
2026-06-11,7,Bad Bad Bad,"Shiva, Geolier",Vangelo,231314,-676,-1,63,1,Falling,Streams down,https://i.scdn.co/image/ab67616d0000b273106c24b2e7323189f68e8a4c,https://open.spotify.com/track/1WitbPTd3SjoUJOWobxzVF
2026-06-11,8,AL MIO PAESE,"Serena Brancale, Levante, DELIA",AL MIO PAESE,224689,3529,2,70,5,Rising,Streams up,https://i.scdn.co/image/ab67616d0000b2737743f0476cc177c770396986,https://open.spotify.com/track/0C2IeaV0r1F8IYWe4JjM2u
2026-06-11,9,Obsessed,"Shiva, ANNA",Vangelo,219009,-8959,-1,63,2,Falling,Streams down,https://i.scdn.co/image/ab67616d0000b273106c24b2e7323189f68e8a4c,https://open.spotify.com/track/3CaLAEZ5u8PEiylYQVIv10
2026-06-11,10,Da Dio,Bresh,Da Dio,210967,-163,1,28,8,Rising,Streams down,https://i.scdn.co/image/ab67616d0000b2733ad214f34f047352b54a2ebd,https://open.spotify.com/track/7pzx95tPu1njhmM6IoR6Al
2026-06-11,11,AYAYAY,"Sfera Ebbasta, DYSTINCT",AYAYAY,207495,19592,2,7,11,Rising,Streams up,https://i.scdn.co/image/ab67616d0000b27353942b2114b943472cc99c83,https://open.spotify.com/track/3xPMN6Ojy4uV0jicQf5dYZ
2026-06-11,12,AUTORITÀ,Geolier,AUTORITÀ,207021,-19167,-3,8,1,Falling,Streams down,https://i.scdn.co/image/ab67616d0000b2737d5cf75f7c49628406fe56fc,https://open.spotify.com/track/44igqinwL0GzbSEX4lovsi
2026-06-11,13,DAVVERODAVVERO,Artie 5ive,LA BELLAVITA,197342,6519,-1,181,2,Falling,Streams up,https://i.scdn.co/image/ab67616d0000b2739e03e651e481bb0b5fb14b7a,https://open.spotify.com/track/6bdTp8Jkp3IAU15rVPWFuJ
2026-06-11,14,Sorry Scusa Lo Siento,Pinguini Tattici Nucleari,Sorry Scusa Lo Siento,174272,-3327,0,28,2,Stable,Streams down,https://i.scdn.co/image/ab67616d0000b273d91aefd33813beab9a9f23ff,https://open.spotify.com/track/6Y1SibRCnVlbaa7dS8slzr
2026-06-11,15,ROMANTICA,Ultimo,ROMANTICA,159956,-1581,0,21,2,Stable,Streams down,https://i.scdn.co/image/ab67616d0000b273bf9b4c37370c80131a4a6809,https://open.spotify.com/track/3jG1o72wNvvjQn2kDoNsIu
2026-06-11,16,2 GIORNI DI FILA,"Geolier, Sfera Ebbasta, ANNA",TUTTO È POSSIBILE,159710,514,0,147,1,Stable,Streams up,https://i.scdn.co/image/ab67616d0000b2738f6566879ccbdbc90b4fc974,https://open.spotify.com/track/6S9jhAReGPzub7RkRbv8HM
2026-06-11,17,Maladie,Mauvais djo,Maladie,155152,1804,1,36,14,Rising,Streams up,https://i.scdn.co/image/ab67616d0000b2730bec8cf6742b5d00f101b0e8,https://open.spotify.com/track/2n4L2a5xgpJmPdLzDl3mE6
2026-06-11,18,Babyface,"Shiva, Kid Yugi",Vangelo,149263,-5503,-1,63,2,Falling,Streams down,https://i.scdn.co/image/ab67616d0000b273106c24b2e7323189f68e8a4c,https://open.spotify.com/track/5LN0gLSxSEaigog3VjCci3
2026-06-11,19,Beauty And A Beat,"Justin Bieber, Nicki Minaj",Believe,143852,1112,0,61,3,Stable,Streams up,https://i.scdn.co/image/ab67616d0000b273f1d02a6cec967f8b6b78f76e,https://open.spotify.com/track/6QFCMUUq1T2Vf5sFUXcuQ7
2026-06-11,20,La Plena - W Sound 05,"W Sound, Beéle, Ovy On The Drums",La Plena (W Sound 05),141168,1908,0,437,1,Stable,Streams up,https://i.scdn.co/image/ab67616d0000b273c0353d023daf5ebda0eb003b,https://open.spotify.com/track/6iOndD4OFo7GkaDypWQIou
2026-06-11,21,DtMF,Bad Bunny,DeBÍ TiRAR MáS FOToS,135516,3497,5,520,1,Rising,Streams up,https://i.scdn.co/image/ab67616d0000b273bbd45c8d36e0e045ef640411,https://open.spotify.com/track/3sK8wGT43QFpWrvNQsrQya
2026-06-11,22,AMOR,Achille Lauro,Comuni Mortali,134692,1836,2,420,5,Rising,Streams up,https://i.scdn.co/image/ab67616d0000b273264663d274f67b13c4ae531e,https://open.spotify.com/track/7vc09IDmFH0MfyPYHPEWRM
2026-06-11,23,Giovani Re,Sfera Ebbasta,Famoso,133193,-455,-1,165,9,Falling,Streams down,https://i.scdn.co/image/ab67616d0000b273affffa7ab8803fca453be456,https://open.spotify.com/track/7aNsNTpMq7D4fffUiYKXNR
2026-06-11,24,Mayday,"Shiva, Lazza, Sfera Ebbasta",Vangelo,133013,-3164,-3,63,5,Falling,Streams down,https://i.scdn.co/image/ab67616d0000b273106c24b2e7323189f68e8a4c,https://open.spotify.com/track/1i41RQ2km1sO8JD6fFVCxX
2026-06-11,25,Talk To You,"ANOTR, 54 Ultra",Talk To You (ft. 54 Ultra),129521,1407,2,98,21,Rising,Streams up,https://i.scdn.co/image/ab67616d0000b273b42ed7f52290f1583760a7e2,https://open.spotify.com/track/0kl6Ozan3fuUdCl6TlB15v
2026-06-11,26,NUEVAYoL,Bad Bunny,DeBÍ TiRAR MáS FOToS,129313,5457,2,522,2,Rising,Streams up,https://i.scdn.co/image/ab67616d0000b273bbd45c8d36e0e045ef640411,https://open.spotify.com/track/5TFD2bmFKGhoCRbX61nXY5
2026-06-11,27,I romantici,Tommaso Paradiso,I romantici,129074,-4024,-4,107,9,Falling,Streams down,https://i.scdn.co/image/ab67616d0000b273f36d9162096b9c61c3fd388b,https://open.spotify.com/track/3X6VETSe1orqobaME0KTzQ
2026-06-11,28,Ora che non ho più te,Cesare Cremonini,ALASKA BABY,128279,-4148,-3,626,1,Falling,Streams down,https://i.scdn.co/image/ab67616d0000b2738105d9afaf9247e8345e0ed6,https://open.spotify.com/track/25idOmfSOCGGdgPhw9iCRm
2026-06-11,29,Buon Vento,"Jovanotti, Alfa",Buon Vento,123017,7172,2,21,29,Rising,Streams up,https://i.scdn.co/image/ab67616d0000b2737265c7cbbc7f89bba30614ff,https://open.spotify.com/track/5vdmfjy5CVrV0xYEcO2f4Q
2026-06-11,30,Billie Jean,Michael Jackson,Thriller,120081,698,-1,60,8,Falling,Streams up,https://i.scdn.co/image/ab67616d0000b27332a7d87248d1b75463483df5,https://open.spotify.com/track/7J1uxwnxfQLu4APicE5Rnj
2026-06-11,31,Devo Andare Con Le Mie Winx,"G.Mineiro, Rhove, Flatpearl, Succo",È O G.,114572,1034,2,7,31,Rising,Streams up,https://i.scdn.co/image/ab67616d0000b27307bdc873725e7084d79d693f,https://open.spotify.com/track/5eVWsjUs8OUajXFUWk9fXo
2026-06-11,32,Serenamente,"Juli, Bresh",SOLITO CINEMA,113711,-1481,0,49,5,Stable,Streams down,https://i.scdn.co/image/ab67616d0000b27311db5c0adf8b90e0c5138336,https://open.spotify.com/track/5ZliWdrEfiHceXVGnGzlxA
2026-06-11,33,Labirinto,Luchè,Labirinto,113281,2999,4,107,3,Rising,Streams up,https://i.scdn.co/image/ab67616d0000b273797d3bac974be0c1292bed48,https://open.spotify.com/track/11C1h0tuCW9qRa1QGPV9Vj
2026-06-11,34,BAILE INoLVIDABLE,Bad Bunny,DeBÍ TiRAR MáS FOToS,113267,95,0,518,3,Stable,Streams up,https://i.scdn.co/image/ab67616d0000b273bbd45c8d36e0e045ef640411,https://open.spotify.com/track/2lTm559tuIvatlT1u0JYG2
2026-06-11,35,Tití Me Preguntó,Bad Bunny,Un Verano Sin Ti,113246,3224,3,733,5,Rising,Streams up,https://i.scdn.co/image/ab67616d0000b27349d694203245f241a1bcaa72,https://open.spotify.com/track/1IHWl5LamUGEuP4ozKQSXZ
2026-06-11,36,Via dei Mille,"Dipinto, Fresh Beatz",Via dei Mille,112114,-3892,-6,91,4,Falling,Streams down,https://i.scdn.co/image/ab67616d0000b273fba738f77d26eebb07d07e0d,https://open.spotify.com/track/2qBPVhXAvX3kTFp2mk46gn
2026-06-11,37,VOLEVO CAPIRE CON MARRACASH,"Madame, Marracash",DISINCANTO,111897,766,-1,56,12,Falling,Streams up,https://i.scdn.co/image/ab67616d0000b2732e29d8e9ccb757f686385250,https://open.spotify.com/track/6UrPST46XxYPqbAAThhSMS
2026-06-11,38,Stupida sfortuna,Fulminacci,Stupida sfortuna,110001,-2432,-3,107,3,Falling,Streams down,https://i.scdn.co/image/ab67616d0000b2736ee6ea583faf9653c920b030,https://open.spotify.com/track/2yzOkthIypp8Lwkww7LZjY
2026-06-11,39,TU MI PIACI TANTO,"Sayf, Dibla, Jiz",TU MI PIACI TANTO,109528,3135,3,35,9,Rising,Streams up,https://i.scdn.co/image/ab67616d0000b273e1eafe16a2cb5d4e306f1918,https://open.spotify.com/track/1ByC6cNyFHMIrqTDVf8Urf
2026-06-11,40,SOGNO AMERICANO,Artie 5ive,LA BELLAVITA,107844,2287,3,441,1,Rising,Streams up,https://i.scdn.co/image/ab67616d0000b2739e03e651e481bb0b5fb14b7a,https://open.spotify.com/track/7i0zYckMTyvLyKAFxfOKIS
2026-06-11,41,Questa domenica,"Olly, Juli",Questa domenica,107657,713,-1,288,1,Falling,Streams up,https://i.scdn.co/image/ab67616d0000b273b2543a4312d07cffe4205d98,https://open.spotify.com/track/1OzmC9yrffo4samDgOzg27
2026-06-11,42,Self Aware,Temper City,Self Aware,105237,71,2,65,36,Rising,Streams up,https://i.scdn.co/image/ab67616d0000b273d6c26d2ae723f7ab553d64cc,https://open.spotify.com/track/4qW3BbQAwZsrnu8a3ZRdyT
2026-06-11,43,L'Amore Non Mi Basta,Emma,Schiena,105233,-1708,-2,377,1,Falling,Streams down,https://i.scdn.co/image/ab67616d0000b273dcceee76ed8d7d01d0b0d109,https://open.spotify.com/track/1YaSQXYPqhwtw35Wf3Z0nI
2026-06-11,44,Spie,Shiva,Vangelo,104868,-3950,-5,63,2,Falling,Streams down,https://i.scdn.co/image/ab67616d0000b273106c24b2e7323189f68e8a4c,https://open.spotify.com/track/6RRxP0B9bVZnbTnSpxfo9W
2026-06-11,45,BERLINO,Ernia,PER SOLDI E PER AMORE,102721,269,0,254,13,Stable,Streams up,https://i.scdn.co/image/ab67616d0000b273c1fc667f2f142100a44348e8,https://open.spotify.com/track/3l109GEhkVYrTvDoKuNGlu
2026-06-11,46,Beat It,Michael Jackson,Thriller,101065,598,1,50,14,Rising,Streams up,https://i.scdn.co/image/ab67616d0000b27332a7d87248d1b75463483df5,https://open.spotify.com/track/3BovdzfaX4jb5KFQwoPfAw
2026-06-11,47,Perdutamente,Achille Lauro,Comuni Mortali,98657,-1995,-1,189,12,Falling,Streams down,https://i.scdn.co/image/ab67616d0000b273264663d274f67b13c4ae531e,https://open.spotify.com/track/5pk3bAZLMs1PqdMuHITZU9
2026-06-11,48,7ELEVEN,Artie 5ive,BIG 5,98483,6321,4,329,7,Rising,Streams up,https://i.scdn.co/image/ab67616d0000b273ae327bdcc50cf2b33e8e254f,https://open.spotify.com/track/27teXnNekA5jBFLCcsCFoq
2026-06-11,49,Cantilene,"Juli, Olly",SOLITO CINEMA,98443,-592,-1,49,5,Falling,Streams down,https://i.scdn.co/image/ab67616d0000b27311db5c0adf8b90e0c5138336,https://open.spotify.com/track/3yaRrdo3DDeKgDaubuBsId
2026-06-11,50,NEON,"Sfera Ebbasta, Shiva",SANTANA MONEY GANG,96219,-203,-1,427,1,Falling,Streams down,https://i.scdn.co/image/ab67616d0000b273d6cdd0e09df54245b00fa9c6,https://open.spotify.com/track/0jkAr7eZsvWDLYiQCfaxak
2026-06-11,51,On The Floor,"Jennifer Lopez, Pitbull",Love?,93969,913,-1,24,34,Falling,Streams up,https://i.scdn.co/image/ab67616d0000b273d7b2aa3834b82b1cbe899a48,https://open.spotify.com/track/3C0nOe05EIt1390bVABLyN
2026-06-11,52,La musica non c'è,Coez,Faccio un casino,91332,3325,4,2143,1,Rising,Streams up,https://i.scdn.co/image/ab67616d0000b273061bf53ff7abeb2e89429bdf,https://open.spotify.com/track/6cBM8x7RVG06MAkwP3JMvX
2026-06-11,53,Babydoll,Dominic Fike,"Don't Forget About Me, Demos",90171,-951,1,117,18,Rising,Streams down,https://i.scdn.co/image/ab67616d0000b2737b1b6f41c1645af9757d5616,https://open.spotify.com/track/7yNf9YjeO5JXUE3JEBgnYc
2026-06-11,54,ACQUARIO,Ultimo,ACQUARIO,87922,-4333,-3,154,2,Falling,Streams down,https://i.scdn.co/image/ab67616d0000b273644652160595bfc09c495c22,https://open.spotify.com/track/0P0GZSQTYSdCPzQar8Rbqf
2026-06-11,55,Blue,Tedua,RYAN TED,87581,1435,3,21,15,Rising,Streams up,https://i.scdn.co/image/ab67616d0000b273112a9d73a9662074bb98a086,https://open.spotify.com/track/6kfLv8uKJNS5DfodQAzpco
2026-06-11,56,FLAMENCO PARANOIA,"Samurai Jay, Vito Salamanca",AMATORE,87489,1993,3,21,45,Rising,Streams up,https://i.scdn.co/image/ab67616d0000b273ec6dd44403255d31f03eb164,https://open.spotify.com/track/549DrPfwUQuZB3q53WQh1z
2026-06-11,57,V per Vangelo,Shiva,Vangelo,87402,-4130,-4,63,1,Falling,Streams down,https://i.scdn.co/image/ab67616d0000b273106c24b2e7323189f68e8a4c,https://open.spotify.com/track/4oMiCgeROySnMbUDwH9lt3
2026-06-11,58,Halo,"Samurai Jay, Vito Salamanca",Halo,85721,-4671,-3,332,3,Falling,Streams down,https://i.scdn.co/image/ab67616d0000b2735dd97ee52973b7230b4b7a95,https://open.spotify.com/track/6zjlQ39iHKMaPcY9Fz4d9e
2026-06-11,59,Jamaican (Bam Bam),"HUGEL, SOLTO (FR)",Jamaican (Bam Bam),85202,3550,3,70,54,Rising,Streams up,https://i.scdn.co/image/ab67616d0000b273450a730dd72f3bf49882ae9d,https://open.spotify.com/track/7e4zDInS6tA2jwzphvs2Ay
2026-06-11,60,CAFé CON RON,"Bad Bunny, Los Pleneros de la Cresta",DeBÍ TiRAR MáS FOToS,83973,3023,5,146,42,Rising,Streams up,https://i.scdn.co/image/ab67616d0000b273bbd45c8d36e0e045ef640411,https://open.spotify.com/track/6VNXmo59yDYgcwLS17UNAW
2026-06-11,61,La tua canzone,Coez,È sempre bello,83367,4145,7,784,13,Rising,Streams up,https://i.scdn.co/image/ab67616d0000b2735ae8c639d8e9c6c2a02989a2,https://open.spotify.com/track/17ctLiAYSfZkL8ksjtSchO
2026-06-11,62,Incoscienti Giovani,Achille Lauro,Comuni Mortali,82506,2323,4,485,2,Rising,Streams up,https://i.scdn.co/image/ab67616d0000b273264663d274f67b13c4ae531e,https://open.spotify.com/track/3l4KzIHsh002W3evllH3EF
2026-06-11,63,ARCOBALENO,"Geolier, Anuel AA",TUTTO È POSSIBILE,81857,-693,-3,147,2,Falling,Streams down,https://i.scdn.co/image/ab67616d0000b2738f6566879ccbdbc90b4fc974,https://open.spotify.com/track/7os93Vpc5gJ40Fm0QC48a8
2026-06-11,64,La Nuova Stella Di Broadway,Cesare Cremonini,La Teoria Dei Colori,81790,-4400,-7,1136,37,Falling,Streams down,https://i.scdn.co/image/ab67616d0000b27322ae5b5ba67f6f218b5f3e34,https://open.spotify.com/track/3qtuOAI0YyfoBM1s7Tvm46
2026-06-11,65,Polvere Rosa,Shiva,Vangelo,81405,-193,-2,63,4,Falling,Streams down,https://i.scdn.co/image/ab67616d0000b273106c24b2e7323189f68e8a4c,https://open.spotify.com/track/0fR79MubHtwcEiGJzUw8Au
2026-06-11,66,Introvabile,Bresh,Introvabile,80883,-1269,-5,140,7,Falling,Streams down,https://i.scdn.co/image/ab67616d0000b273beb9c31e5cbe50c5f7d9371d,https://open.spotify.com/track/1qzPNHULYNqlTDxZoOIytn
2026-06-11,67,COME SE NON FOSSI NEI GUAI,"Sfera Ebbasta, Shiva",SANTANA MONEY GANG,78592,-844,0,362,10,Stable,Streams down,https://i.scdn.co/image/ab67616d0000b273d6cdd0e09df54245b00fa9c6,https://open.spotify.com/track/46w75NfLpau9juuoeiY3ZM
2026-06-11,68,Peccati,Shiva,Vangelo,78538,-2625,-4,63,7,Falling,Streams down,https://i.scdn.co/image/ab67616d0000b273106c24b2e7323189f68e8a4c,https://open.spotify.com/track/1V8SElaiJmR7SJiGELr6Rc
2026-06-11,69,Ogni Male,Capo Plaza,Hustle Mixtape Vol. 2,78147,-759,0,224,17,Stable,Streams down,https://i.scdn.co/image/ab67616d0000b27361e1eb765192dae01672b56a,https://open.spotify.com/track/28v57vssZ488EEIBivY3NF
2026-06-11,70,Poesie Clandestine,"LDA, Aka 7even",Poesie Clandestine,77771,-763,0,107,5,Stable,Streams down,https://i.scdn.co/image/ab67616d0000b273c3528a1f7556e36edb0b0cf8,https://open.spotify.com/track/730yruXTNk2KvXdbCNzXpR
2026-06-11,71,Poetica,Cesare Cremonini,Possibili Scenari,77126,-381,0,913,3,Stable,Streams down,https://i.scdn.co/image/ab67616d0000b27312d5ab24a8b636d56d3e39e9,https://open.spotify.com/track/07qo9gnLM488CUr0EtgIA1
2026-06-11,72,LA GRACIOSA,"Quevedo, Elvis Crespo",LA GRACIOSA,76890,-216,1,32,69,Rising,Streams down,https://i.scdn.co/image/ab67616d0000b273762bb4d1f3481df994ce5f40,https://open.spotify.com/track/0b3Bkp0UfCkNqquAUmoP5m
2026-06-11,73,STELLE,Geolier,TUTTO È POSSIBILE,76160,-1345,-1,147,4,Falling,Streams down,https://i.scdn.co/image/ab67616d0000b2738f6566879ccbdbc90b4fc974,https://open.spotify.com/track/5ukcsJ6xFum4aGyd4s2clw
2026-06-11,74,End of Beginning,Djo,DECIDE,75719,-432,0,323,1,Stable,Streams down,https://i.scdn.co/image/ab67616d0000b273fddfffec51b4580acae727c1,https://open.spotify.com/track/3qhlB30KknSejmIvZZLjOD
2026-06-11,75,Esibizionista,Annalisa,MA IO SONO FUOCO,75475,2172,3,245,9,Rising,Streams up,https://i.scdn.co/image/ab67616d0000b273f34a244e1db435c40720d9d2,https://open.spotify.com/track/1yRZWM2G4rN3wu1Sx2oGlb
2026-06-11,76,Devastante,"Olly, Juli",TUTTA VITA,74980,5999,13,826,3,Rising,Streams up,https://i.scdn.co/image/ab67616d0000b2739a9754efa9799615cf6045e9,https://open.spotify.com/track/1ej2NcW0CHnscPp1RZpr1V
2026-06-11,77,Che fastidio!,Ditonellapiaga,Che fastidio!,74511,-1605,-2,107,3,Falling,Streams down,https://i.scdn.co/image/ab67616d0000b27357fc29e972e43683bc409cd1,https://open.spotify.com/track/1k3pzheXrbtHgvvOsQeMkU
2026-06-11,78,Tu Me Quieres - Prod. by Higashi x Roberto Ferrante,"Baby Gang, Omega, Higashi, Roberto Ferrante",Tu Me Quieres,74014,1311,1,604,9,Rising,Streams up,https://i.scdn.co/image/ab67616d0000b273425ff4d7d6105cc5be872dca,https://open.spotify.com/track/00URgxWgyVoybGLhhmKr7g
2026-06-11,79,Balorda nostalgia,"Olly, Juli",TUTTA VITA (SEMPRE),73666,4796,11,249,3,Rising,Streams up,https://i.scdn.co/image/ab67616d0000b2736752cb3279906514dd04c8aa,https://open.spotify.com/track/1QMGYNbDtHIRzDMKugpg7t
2026-06-11,80,Comuni Immortali,Achille Lauro,Comuni Immortali,73644,2475,3,35,80,Rising,Streams up,https://i.scdn.co/image/ab67616d0000b273d486121d31133e11814c4e29,https://open.spotify.com/track/1VsUaDLGDWdaITdEB8BZmY
2026-06-11,81,Cabana,Irama,Cabana,73480,6589,19,24,67,Rising,Streams up,https://i.scdn.co/image/ab67616d0000b27357a423d58da2d9d974de3df6,https://open.spotify.com/track/0mky62869TYpIcvQ9NmOtY
2026-06-11,82,Capri Sun,Capo Plaza,Hustle Mixtape,73324,5318,12,1148,2,Rising,Streams up,https://i.scdn.co/image/ab67616d0000b273b7f751e1f4c492ab41c9d9d3,https://open.spotify.com/track/1XpmMe95dk9jh3zuOMpeU2
2026-06-11,83,INTRO (La Bella Vita),Artie 5ive,LA BELLAVITA,73103,2390,3,401,9,Rising,Streams up,https://i.scdn.co/image/ab67616d0000b2739e03e651e481bb0b5fb14b7a,https://open.spotify.com/track/1lslS1hUsIvAScXvWVTLt2
2026-06-11,84,E Allora,"G.Mineiro, Flatpearl, Succo",È O G.,72989,4298,8,6,84,Rising,Streams up,https://i.scdn.co/image/ab67616d0000b27307bdc873725e7084d79d693f,https://open.spotify.com/track/1XzHasEgB7QoXXtoD3sUKY
2026-06-11,85,Nessuna,Luchè,Il mio lato peggiore,72805,3107,3,392,1,Rising,Streams up,https://i.scdn.co/image/ab67616d0000b273c62c7920980cba87cda1867f,https://open.spotify.com/track/1ZOC7H5JfPtj8OW9lRz6pm
2026-06-11,86,Scendo E Cerco Un’Altra,"G.Mineiro, Flatpearl, Succo",Scendo E Cerco Un’Altra,72711,-2487,-10,9,66,Falling,Streams down,https://i.scdn.co/image/ab67616d0000b27372392744c47a65a3b1467be5,https://open.spotify.com/track/0qFzTGufPnqkI4GrAwXCg1
2026-06-11,87,Si Antes Te Hubiera Conocido,KAROL G,Si Antes Te Hubiera Conocido,72101,1294,-2,699,4,Falling,Streams up,https://i.scdn.co/image/ab67616d0000b273491678beaffcefac517a699e,https://open.spotify.com/track/6WatFBLVB0x077xWeoVc2k
2026-06-11,88,BUONA DOMENICA,Sayf,BUONA DOMENICA,71827,-598,-8,64,18,Falling,Streams down,https://i.scdn.co/image/ab67616d0000b273482ba9d105682caa91f0ddc8,https://open.spotify.com/track/0mRRblaBsr3Vq79sNfv8Ty
2026-06-11,89,16 Marzo,"Achille Lauro, Gow Tribe",1969 - Achille Idol Rebirth,71741,-2813,-12,677,3,Falling,Streams down,https://i.scdn.co/image/ab67616d0000b273bf803cb00dd8eadd0a98b28f,https://open.spotify.com/track/2kZV7d0A4BIN5I8iFBnbqp
2026-06-11,90,Niente Canzoni D'Amore - Inedito,"Marracash, Federica Abbate","Status (Inediti, Rarità & Live)",71442,5757,15,827,8,Rising,Streams up,https://i.scdn.co/image/ab67616d0000b273bfff1cc3a4f34f0b59445642,https://open.spotify.com/track/7uu3YZytpYW15VIfa7ynJk
2026-06-11,91,PER TE,Ernia,PER SOLDI E PER AMORE,71406,-112,-10,266,2,Falling,Streams down,https://i.scdn.co/image/ab67616d0000b273c1fc667f2f142100a44348e8,https://open.spotify.com/track/6DhMZVuD6TH0jd4bMNChCU
2026-06-11,92,ITALIA STARTER PACK,J-AX,ITALIA STARTER PACK,71251,141,-8,107,9,Falling,Streams up,https://i.scdn.co/image/ab67616d0000b273e0ed7743fb9034a663e195cd,https://open.spotify.com/track/4ZAjcfbt84O79SGc0jWqu7
2026-06-11,93,GIRLS,The Kid LAROI,GIRLS,71185,4402,9,7,93,Rising,Streams up,https://i.scdn.co/image/ab67616d0000b273c8af7237bb25ad59488944c1,https://open.spotify.com/track/7z3PblAN3dH1JMewiRydkZ
2026-06-11,94,Amore Disperato,Achille Lauro,Comuni Mortali,70550,1805,-3,627,5,Falling,Streams up,https://i.scdn.co/image/ab67616d0000b273264663d274f67b13c4ae531e,https://open.spotify.com/track/0h7djzQOTBHcNaKD8k449b
2026-06-11,95,capaz (merengueton),"Alleh, Yorghaki",LA CIUDAD,70378,3091,3,516,10,Rising,Streams up,https://i.scdn.co/image/ab67616d0000b2736abd0fcf50a20ac09a028c92,https://open.spotify.com/track/4DnrAI8WyUY6gkOwl8GlPN
2026-06-11,96,hate that i made you love me,Ariana Grande,hate that i made you love me,69566,-1805,-14,14,15,Falling,Streams down,https://i.scdn.co/image/ab67616d0000b273b622d42c30697e1e1414343c,https://open.spotify.com/track/20jbSiX29FDX4oQxBXyUEi
2026-06-11,97,EoO,Bad Bunny,DeBÍ TiRAR MáS FOToS,69201,738,-4,356,13,Falling,Streams up,https://i.scdn.co/image/ab67616d0000b273bbd45c8d36e0e045ef640411,https://open.spotify.com/track/6J5kc12BW5HuP3d7C3vvx8
2026-06-11,98,Me Rehúso,Danny Ocean,54+1,69167,2151,1,750,4,Rising,Streams up,https://i.scdn.co/image/ab67616d0000b273d8243a13e6f41310a5fa7b96,https://open.spotify.com/track/6ifUES3keWjwXgae8pXI3o
2026-06-11,99,PARLAR D’AMORE,"Sayf, Bresh",SANTISSIMO,68733,-1273,-12,35,27,Falling,Streams down,https://i.scdn.co/image/ab67616d0000b273a5c0891335314e40e309ae91,https://open.spotify.com/track/7lLSzMu2EKwIJ4co0sJSEe
2026-06-11,100,Dai che fai,Bresh,Mediterraneo,68519,795,-3,266,25,Falling,Streams up,https://i.scdn.co/image/ab67616d0000b2739791f57ba5b3843bda70c0fd,https://open.spotify.com/track/7sI41HmpIAwnJ1X7LmpjlN
2026-06-11,101,PARTENOPE,"Merk & Kremont, Serena Brancale, The Kolors","PARTENOPE (feat. Serena Brancale, The Kolors)",68342,612,-5,4,96,Falling,Streams up,https://i.scdn.co/image/ab67616d0000b27381e9c6bfc08d4a1e56a38400,https://open.spotify.com/track/7lwRULBv1wRCY4sTBHOUNy
2026-06-11,102,Per sempre sì,Sal Da Vinci,Per sempre sì,66626,954,4,107,1,Rising,Streams up,https://i.scdn.co/image/ab67616d0000b2739fee241bfd5d68e758b4e4e5,https://open.spotify.com/track/5W1mx7Oeg2HxmASrth1nTt
2026-06-11,103,Certe notti,Ligabue,Buon compleanno Elvis [Remastered Version],66061,1948,5,81,103,Rising,Streams up,https://i.scdn.co/image/ab67616d0000b2736d6b8a01a80f084d6e35ccbb,https://open.spotify.com/track/5gTuH5Jl8PVUitsFzFslWu
2026-06-11,104,Dio Esiste,Shiva,Vangelo,65965,-1980,-9,63,10,Falling,Streams down,https://i.scdn.co/image/ab67616d0000b273106c24b2e7323189f68e8a4c,https://open.spotify.com/track/6ErRedGqcOC4HmUEfUneiY
2026-06-11,105,È sempre bello,Coez,È sempre bello,65225,3966,14,1000,1,Rising,Streams up,https://i.scdn.co/image/ab67616d0000b2735ae8c639d8e9c6c2a02989a2,https://open.spotify.com/track/4Wcrw9554hxM1Gk8Pl4Cyi
2026-06-11,106,Canzone Estiva,Annalisa,Canzone Estiva,65189,1047,1,53,38,Rising,Streams up,https://i.scdn.co/image/ab67616d0000b273f9a91a2ef78e9d2c60611d32,https://open.spotify.com/track/0okR1YL51puEefZFTItVVR
2026-06-11,107,Per due come noi,"Olly, Angelina Mango, Juli",TUTTA VITA,64769,-1146,-4,644,1,Falling,Streams down,https://i.scdn.co/image/ab67616d0000b2739a9754efa9799615cf6045e9,https://open.spotify.com/track/5nFyfjGy6AMZqkW0OMUWJJ
2026-06-11,108,WHERE IS MY HUSBAND!,RAYE,WHERE IS MY HUSBAND!,64491,407,1,235,33,Rising,Streams up,https://i.scdn.co/image/ab67616d0000b2736ac3c7938191585c53c8180d,https://open.spotify.com/track/55lijDD6OAjLFFUHU9tcDm
2026-06-11,109,Iris,The Goo Goo Dolls,Dizzy up the Girl,64396,620,3,493,48,Rising,Streams up,https://i.scdn.co/image/ab67616d0000b273eda9478c39a21e1cdc6609ca,https://open.spotify.com/track/6Qyc6fS4DsZjB2mRW9DsQs
2026-06-11,110,Riptide,Vance Joy,Dream Your Life Away (Deluxe Edition),64012,-1751,-6,1037,13,Falling,Streams down,https://i.scdn.co/image/ab67616d0000b27305d081cbdc2f67d37a364d63,https://open.spotify.com/track/2uXlHCUbq9OMUwx3hrk06o
2026-06-11,111,1H,Geolier,TUTTO È POSSIBILE,63978,2120,6,147,5,Rising,Streams up,https://i.scdn.co/image/ab67616d0000b2738f6566879ccbdbc90b4fc974,https://open.spotify.com/track/6PtEfaLwNxmBtK4LX7Ffi6
2026-06-11,112,Kriminal - Prod. by Roberto Ferrante,"Baby Gang, El Alfa, Omega, Roberto Ferrante",Kriminal (Prod. by Roberto Ferrante),63854,1794,3,329,1,Rising,Streams up,https://i.scdn.co/image/ab67616d0000b273b5664fc4700d1a24595116d0,https://open.spotify.com/track/0pxwzHAlnK86CIfDbbJLr4
2026-06-11,113,Marmellata #25,Cesare Cremonini,Maggese,63322,-567,-2,275,54,Falling,Streams down,https://i.scdn.co/image/ab67616d0000b2737839771341a65f97aa2c7f47,https://open.spotify.com/track/1b8tFExEyHyxTzrrlQAsu4
2026-06-11,114,Can't Hold Us,"Macklemore & Ryan Lewis, Macklemore, Ryan Lewis, Ray Dalton",The Heist,63012,786,0,739,92,Stable,Streams up,https://i.scdn.co/image/ab67616d0000b2732a6b364528b128a4a17d100d,https://open.spotify.com/track/22skzmqfdWrjJylampe0kt
2026-06-11,115,MUCHACHA,"Aissa, Rvfv, Kreamly",MUCHACHA,62571,4708,15,7,115,Rising,Streams up,https://i.scdn.co/image/ab67616d0000b273bf3151af9c5e4d7c1de59ae9,https://open.spotify.com/track/4rDCRcln8WCHWPRt0YTFLs
2026-06-11,116,Push It,"Kid Yugi, ANNA",Anche gli Eroi Muoiono,62403,-1656,-6,161,1,Falling,Streams down,https://i.scdn.co/image/ab67616d0000b27361d90e6750f76fe0ad95befe,https://open.spotify.com/track/3uExyCdMa9XfVuXpuYhod4
2026-06-11,117,DAL TACCO,RRARI DAL TACCO,DAL TACCO,61977,907,3,11,98,Rising,Streams up,https://i.scdn.co/image/ab67616d0000b273e21627819afa157c2fe65696,https://open.spotify.com/track/1zrEskyOLXViiYdZgggiUI
2026-06-11,118,Come mai,883,Nord Sud Ovest Est,61720,-5153,-17,396,63,Falling,Streams down,https://i.scdn.co/image/ab67616d0000b273243b73f0b9fd2500f491f5bf,https://open.spotify.com/track/0gkV0FyCdrJqwyrFW7NsEQ
2026-06-11,119,Edge of Desire,"Jonas Blue, Malive",Edge of Desire,61648,2608,6,46,87,Rising,Streams up,https://i.scdn.co/image/ab67616d0000b2736d69d34ade62de08bff530ca,https://open.spotify.com/track/4A56h4B9xUuMMXoKuj18HT
2026-06-11,120,DARKMONEY,"Pyrex, Sfera Ebbasta",KING OF DARK,60818,-500,-2,119,1,Falling,Streams down,https://i.scdn.co/image/ab67616d0000b273bc46258c61df24809b76d98f,https://open.spotify.com/track/1SWUq0qtTSDRGrDtgq7POw
2026-06-11,121,Coscienza,Shiva,Vangelo,60334,699,3,63,13,Rising,Streams up,https://i.scdn.co/image/ab67616d0000b273106c24b2e7323189f68e8a4c,https://open.spotify.com/track/3lFI8rgdb6ScFGyxin4Dh7
2026-06-11,122,Danza Kuduro,"Don Omar, Lucenzo",Emigrante Del Mundo (Remastered),60266,4921,17,177,74,Rising,Streams up,https://i.scdn.co/image/ab67616d0000b273dd6b19d30e8b2531c625fbc4,https://open.spotify.com/track/2ynaRz7EuNbDrNrlr3QUjP
2026-06-11,123,RATATA,Capo Plaza,20 (Deluxe Edition),59966,-2046,-7,217,23,Falling,Streams down,https://i.scdn.co/image/ab67616d0000b273b2396df413b2694c4a93d81a,https://open.spotify.com/track/3QjM7blH1a157YfP8G33TA
2026-06-11,124,the cure,Olivia Rodrigo,the cure,59890,6129,27,21,56,Rising,Streams up,https://i.scdn.co/image/ab67616d0000b27379e480cbab8c7b86d277841a,https://open.spotify.com/track/4EoJ151oQ5jY48z4RhSE96
2026-06-11,125,Every Breath You Take,The Police,Synchronicity (Remastered 2003),59803,-3723,-12,563,17,Falling,Streams down,https://i.scdn.co/image/ab67616d0000b273c8e97cafeb2acb85b21a777e,https://open.spotify.com/track/1JSTJqkT5qHq8MDJnJbRE1
2026-06-11,126,Magnetic,The Bausa,Magnetic / Addicted To Your Love,59393,1841,6,15,117,Rising,Streams up,https://i.scdn.co/image/ab67616d0000b273158cbe80b9b9573b46d2b50f,https://open.spotify.com/track/4hFDFmMnSYZ32ssqNUOCjt
2026-06-11,127,Golden,"HUNTR/X, EJae, AUDREY NUNA, REI AMI, KPop Demon Hunters Cast",KPop Demon Hunters (Soundtrack from the Netflix Film),59009,217,-1,346,10,Falling,Streams up,https://i.scdn.co/image/ab67616d0000b2734dcb6c5df15cf74596ab25a4,https://open.spotify.com/track/1CPZ5BxNNd0n0nF4Orb9JS
2026-06-11,128,Don't Stop 'Til You Get Enough - Single Version,Michael Jackson,,58115,35,1,47,40,Rising,Streams up,,
2026-06-11,129,Tutto a puttane,Bresh,Mediterraneo (Dopo il Mare),57793,4154,23,6,79,Rising,Streams up,https://i.scdn.co/image/ab67616d0000b27313f95e59fc87aa92b6e63d70,https://open.spotify.com/track/66umGLEmn0B3CFp1lBT7lN
2026-06-11,130,MARIA,"Il Ghost, Baby Gang",MARIA,57460,-909,-2,21,59,Falling,Streams down,https://i.scdn.co/image/ab67616d0000b2737d6b2af12c0decb67ab84daf,https://open.spotify.com/track/4vbxC18tQdekz9pOEvly2X
2026-06-11,131,Logico #1,Cesare Cremonini,Logico,57402,-2841,-10,482,30,Falling,Streams down,https://i.scdn.co/image/ab67616d0000b27320f8129d955b34bd12e2b654,https://open.spotify.com/track/4M6eMu2CMR9MxO2c3MQgaI
2026-06-11,132,DONNE RICCHE - Acoustic Version,TonyPitony,PECCATO PER I TESTI (Acoustic Version),57116,2227,11,185,2,Rising,Streams up,https://i.scdn.co/image/ab67616d0000b27314f560a2fd915fb25a44667e,https://open.spotify.com/track/6gG8GZAscnEI9fqHvcu1QN
2026-06-11,133,ADRENALINA,"Samurai Jay, Vito Salamanca",AMATORE,57017,5063,29,14,91,Rising,Streams up,https://i.scdn.co/image/ab67616d0000b273ec6dd44403255d31f03eb164,https://open.spotify.com/track/2pULqfE2k1DHr24dtJwMRh
2026-06-11,134,Completamente,Thegiornalisti,Completamente Sold Out,56651,3197,21,404,55,Rising,Streams up,https://i.scdn.co/image/ab67616d0000b273ebcc0e1956fb93e0d3e13c24,https://open.spotify.com/track/7sh95K3HXkne9mVYDOIRWs
2026-06-11,135,a me mi piace,"Alfa, Manu Chao",Non so chi ha creato il mondo ma so che era innamorato (Deluxe),56610,3379,23,362,1,Rising,Streams up,https://i.scdn.co/image/ab67616d0000b2737665d2abd6083ca6663b135a,https://open.spotify.com/track/0A1acVAH6qLz3Hfjy2dkea
2026-06-11,136,Superclassico,Ernia,Gemelli,55859,-4167,-14,1407,1,Falling,Streams down,https://i.scdn.co/image/ab67616d0000b273820c0ed614ed30340ba38f28,https://open.spotify.com/track/6Ahg1hncxUdK0ICqU03BCu
2026-06-11,137,Gata Only,"FloyyMenor, Cris MJ",Gata Only,55808,1416,9,702,1,Rising,Streams up,https://i.scdn.co/image/ab67616d0000b273c4583f3ad76630879a75450a,https://open.spotify.com/track/6XjDF6nds4DE2BBbagZol6
2026-06-11,138,Lush Life,Zara Larsson,So Good,55774,527,3,721,15,Rising,Streams up,https://i.scdn.co/image/ab67616d0000b273401bf6103d4b7f5230a21582,https://open.spotify.com/track/1rIKgCH4H52lrvDcz50hS8
2026-06-11,139,BRATZ,"Sayf, Nerissima Serpe",SANTISSIMO,55109,-2651,-8,35,15,Falling,Streams down,https://i.scdn.co/image/ab67616d0000b273a5c0891335314e40e309ae91,https://open.spotify.com/track/10nZU1tAX7XepntuYDJUVO
2026-06-11,140,VOY A LLeVARTE PA PR,Bad Bunny,DeBÍ TiRAR MáS FOToS,55017,-761,-5,399,20,Falling,Streams down,https://i.scdn.co/image/ab67616d0000b273bbd45c8d36e0e045ef640411,https://open.spotify.com/track/59D4DOkspUbWyMmbAPQkxZ
2026-06-11,141,Buon Viaggio (Share The Love),Cesare Cremonini,Più Che Logico,54645,-5173,-18,493,16,Falling,Streams down,https://i.scdn.co/image/ab67616d0000b273417a4fb97e924007c25cdf99,https://open.spotify.com/track/7LSBkEm5LQSkhe6yqqqBPs
2026-06-11,142,Take 6,Shiva,Vangelo,54635,826,6,166,1,Rising,Streams up,https://i.scdn.co/image/ab67616d0000b273106c24b2e7323189f68e8a4c,https://open.spotify.com/track/3jvki0Znkvr0W5c2CzhtDQ
2026-06-11,143,FaXXX,"Tedua, Latrelle",RYAN TED,54465,-2729,-9,21,3,Falling,Streams down,https://i.scdn.co/image/ab67616d0000b273112a9d73a9662074bb98a086,https://open.spotify.com/track/6EGUow6OQ28at9wB2TTvyo
2026-06-11,144,DÁKITI,"Bad Bunny, JHAYCO",DÁKITI,54223,1706,16,494,7,Rising,Streams up,https://i.scdn.co/image/ab67616d0000b27334c8199b0b3b3fb42b8a98a8,https://open.spotify.com/track/47EiUVwUp4C9fGccaPuUCS
2026-06-11,145,La Gozadera,"Gente De Zona, Marc Anthony",Visualízate,54100,3830,36,450,61,Rising,Streams up,https://i.scdn.co/image/ab67616d0000b2731e3b9d4d53e0ac334cd9eec4,https://open.spotify.com/track/0OMRAvrtLWE2TvcXorRiB9
2026-06-11,146,Bossa Nostra,Gaia,Bossa Nostra,54018,423,7,20,132,Rising,Streams up,https://i.scdn.co/image/ab67616d0000b273418d5ec9d002ad8ff54cc6ce,https://open.spotify.com/track/7EFFg3umzGzCnOIHG6Fr6V
2026-06-11,147,back to friends,sombr,I Barely Know Her,53884,517,10,387,29,Rising,Streams up,https://i.scdn.co/image/ab67616d0000b2734229702de91cb3d3a4383302,https://open.spotify.com/track/7qjZnBKE73H4Oxkopwulqe
2026-06-11,148,Mai,Tedua,RYAN TED,53820,-1669,-11,21,9,Falling,Streams down,https://i.scdn.co/image/ab67616d0000b273112a9d73a9662074bb98a086,https://open.spotify.com/track/4VLr4Esg0hHSVoNjs19u3u
2026-06-11,149,VACCI PIANO,"Emma, Rkomi",VACCI PIANO (feat. Rkomi),53627,-1793,-11,91,50,Falling,Streams down,https://i.scdn.co/image/ab67616d0000b273559780cc510a9e2906a7e80d,https://open.spotify.com/track/4vF4VnzL47EVsZZEVsEfbF
2026-06-11,150,UNA VITA FA,"Geolier, Shiva, MACE",DIO LO SA,53570,-4891,-23,134,14,Falling,Streams down,https://i.scdn.co/image/ab67616d0000b273b68cc2f7d1956d743a7ee322,https://open.spotify.com/track/362nbPmkrCtts9zhlLFfIR
2026-06-11,151,Maledetto me,Fulminacci,CALCINACCI,53282,-1358,-6,70,34,Falling,Streams down,https://i.scdn.co/image/ab67616d0000b273ff26d9e6888e0a1ab315aa6a,https://open.spotify.com/track/0RkFzXmEJzSv4Bu6YwZJx6
2026-06-11,152,SEXY RAVE,"Fred De Palma, Baby Gang",SEXY RAVE (feat. Baby Gang),53243,-2069,-12,223,14,Falling,Streams down,https://i.scdn.co/image/ab67616d0000b273d690b3baacf4199f53fb4f95,https://open.spotify.com/track/7ue5uvozLbamg0rjS65FeT
2026-06-11,153,XXDONO,"Tiziano Ferro, Lazza",XXDONO (feat. Lazza),53242,-4195,-20,28,6,Falling,Streams down,https://i.scdn.co/image/ab67616d0000b273bbe7f32dd22c7d163a8dae07,https://open.spotify.com/track/7n5unddip61Z4ZBHCwIm8r
2026-06-11,154,FOTOGRAFIA,Geolier,TUTTO È POSSIBILE,53207,-1130,-7,217,1,Falling,Streams down,https://i.scdn.co/image/ab67616d0000b2738f6566879ccbdbc90b4fc974,https://open.spotify.com/track/09tzv8qfDEXeQsOMx5SUAk
2026-06-11,155,CRUDELIA - I nervi,Marracash,Persona,53066,412,4,2320,2,Rising,Streams up,https://i.scdn.co/image/ab67616d0000b27389070654f69ee060803403f3,https://open.spotify.com/track/0xEgDBXYO9gGzmxCFWKxNg
2026-06-11,156,Ordinary,Alex Warren,Ordinary,52921,1117,7,449,10,Rising,Streams up,https://i.scdn.co/image/ab67616d0000b273457cfd5a54720ab3b0820064,https://open.spotify.com/track/6qqrTXSdwiJaq8SO0X2lSe
2026-06-11,157,Scarabocchi,"Olly, Juli",TUTTA VITA,52912,2670,25,586,3,Rising,Streams up,https://i.scdn.co/image/ab67616d0000b2739a9754efa9799615cf6045e9,https://open.spotify.com/track/4X4R6qsIicxIQIFbnDcJLO
2026-06-11,158,Una canzone d'amore,883,La donna il sogno & il grande incubo,52850,4909,41,2,158,Rising,Streams up,https://i.scdn.co/image/ab67616d0000b273614dc9aef84fd4a89932f1c6,https://open.spotify.com/track/4pD1Wit3m1IHA7Ixgww9b6
2026-06-11,159,Destri,Gazzelle,OK,52644,-2539,-17,2085,1,Falling,Streams down,https://i.scdn.co/image/ab67616d0000b2738e7ffe7ec58d3f439fe5a0d8,https://open.spotify.com/track/4DmQmiGS1Xg2BtJ2sUYS5C
2026-06-11,160,VETRI NERI,"AVA, ANNA, Capo Plaza",VETRI NERI,52603,,0,658,1,Stable,Streams stable,https://i.scdn.co/image/ab67616d0000b27389d383468d78b997ca457ab7,https://open.spotify.com/track/1K9qAxGT4cWUicf2OezSen
2026-06-11,161,Diversi,Shiva,Santana Season,52529,528,0,53,31,Stable,Streams up,https://i.scdn.co/image/ab67616d0000b273bdf95756e045c23358d4cc98,https://open.spotify.com/track/3Eh8NAQVV8b1EzgKang5ne
2026-06-11,162,Lo So Che,Capo Plaza,FERITE (Deluxe Edition),52505,757,2,536,14,Rising,Streams up,https://i.scdn.co/image/ab67616d0000b2737ade13538524e557ba8954c6,https://open.spotify.com/track/3w73qvCSGWPCx7w1UMIh6e
2026-06-11,163,FELLINI,"Ernia, Kid Yugi",PER SOLDI E PER AMORE,52484,-979,-9,266,1,Falling,Streams down,https://i.scdn.co/image/ab67616d0000b273c1fc667f2f142100a44348e8,https://open.spotify.com/track/0rjVRGqVuNwnGCxwBkBZXd
2026-06-11,164,Maledetta primavera,Loretta Goggi,Le più belle canzoni di Loretta Goggi,52219,2180,21,158,65,Rising,Streams up,https://i.scdn.co/image/ab67616d0000b27357ed9ab403ec31e3e8554776,https://open.spotify.com/track/4qycYIAF967ij8lKoxCyqt
2026-06-11,165,Menomale che c'è il mare,"Olly, Juli","Gira, il mondo gira",52204,-2562,-21,583,32,Falling,Streams down,https://i.scdn.co/image/ab67616d0000b2734743343cec324c534a99ca39,https://open.spotify.com/track/5pYy054Wcuj9CFdDIxZSVU
2026-06-11,166,DÉSOLÉE,ANNA,DÉSOLÉE,52118,2121,20,363,1,Rising,Streams up,https://i.scdn.co/image/ab67616d0000b273d1d098940f465aa6cbcabf42,https://open.spotify.com/track/2bT6QX29M7GLSuTDSirwaS
2026-06-11,167,"Quevedo: Bzrp Music Sessions, Vol. 52","Bizarrap, Quevedo","Quevedo: Bzrp Music Sessions, Vol. 52/66",52072,2381,20,1222,1,Rising,Streams up,https://i.scdn.co/image/ab67616d0000b273946f1ea32cc7681e7a86e9ca,https://open.spotify.com/track/2tTmW7RDtMQtBk7m2rYeSw
2026-06-11,168,Tristano e Isotta,Kid Yugi,Anche gli Eroi Muoiono,51944,-1834,-19,133,1,Falling,Streams down,https://i.scdn.co/image/ab67616d0000b27361d90e6750f76fe0ad95befe,https://open.spotify.com/track/7dFfkSJrAHnUdKM5jaUOLt
2026-06-11,169,Smooth Criminal - 2012 Remaster,Michael Jackson,Bad (Remastered),51789,831,8,48,58,Rising,Streams up,https://i.scdn.co/image/ab67616d0000b273eb2087dcd1eb61f833bdedff,https://open.spotify.com/track/5T7ywazdGIydr6JCW6t02j
2026-06-11,170,Rossetto e caffè,Sal Da Vinci,Rossetto e caffè,51787,3761,27,638,8,Rising,Streams up,https://i.scdn.co/image/ab67616d0000b27340434eefd725d623a43a20fc,https://open.spotify.com/track/7dUkF19CnbfFzljXWCjYQL
2026-06-11,171,Free Your Mind,"Prospa, Cloonee",Free Your Mind,51782,72,-6,7,144,Falling,Streams up,https://i.scdn.co/image/ab67616d0000b27338974737cba5770d9dba1cd6,https://open.spotify.com/track/6TWbY1dq8eYtFiMiGdBlOa
2026-06-11,172,Dracula - JENNIE Remix,"Tame Impala, JENNIE",Dracula (Remix),51755,706,3,65,98,Rising,Streams up,https://i.scdn.co/image/ab67616d0000b273c7c031ce9d06b131f8563676,https://open.spotify.com/track/5yvVYFDUpbnjcnRBgjwTzM
2026-06-11,173,Tran Tran,Sfera Ebbasta,Rockstar,51581,-1800,-17,1564,1,Falling,Streams down,https://i.scdn.co/image/ab67616d0000b273a7a64be797303ff304ca43b2,https://open.spotify.com/track/3cGuiySfwJPXqvE15OiEEg
2026-06-11,174,Guasto D'Amore,"Bresh, SHUNE",Guasto D'Amore,51396,,0,813,1,Stable,Streams stable,https://i.scdn.co/image/ab67616d0000b273f64227670455b7952ed28c14,https://open.spotify.com/track/4CQNELF3U3gyNcI6sLr6yK
2026-06-11,175,Dai Dai,"Shakira, Burna Boy",Dai Dai,51100,,0,1,175,Stable,Streams stable,https://i.scdn.co/image/ab67616d0000b27303cadf1b3fe324c1dc710ed4,https://open.spotify.com/track/0kosUz0jePvjiz4ctmR6wL
2026-06-11,176,OLÈ,"Geolier, Kid Yugi",TUTTO È POSSIBILE,51009,-60,-3,147,2,Falling,Streams down,https://i.scdn.co/image/ab67616d0000b2738f6566879ccbdbc90b4fc974,https://open.spotify.com/track/3MCoJ2yjtBmL1CWkBpdYyJ
2026-06-11,177,Brivido,"Guè, Marracash",Bravo Ragazzo (Royal Edition),50909,-235,-6,2237,56,Falling,Streams down,https://i.scdn.co/image/ab67616d0000b273780a8609d3adfe119da97aac,https://open.spotify.com/track/7fH13hSOyNoeiDGbjEnTUC
2026-06-11,178,30ºC,ANNA,VERA BADDIE,50755,-745,-12,536,1,Falling,Streams down,https://i.scdn.co/image/ab67616d0000b273fb7329a6fb6154b1fa3704c7,https://open.spotify.com/track/19DHPlTC2gx1j4jrFzNbwL
2026-06-11,179,MAI PER SEMPRE,"Geolier, Dardust",DIO LO SA - ATTO II,50556,52,0,162,29,Stable,Streams up,https://i.scdn.co/image/ab67616d0000b273e76cba16da2dd7b52ed3577d,https://open.spotify.com/track/347HJzwbn0cmrxJUmAXj5c
2026-06-11,180,Non Abbiamo Età,Luchè,Potere,50371,-3393,-30,2121,34,Falling,Streams down,https://i.scdn.co/image/ab67616d0000b2735854bca3d20b22344b300278,https://open.spotify.com/track/0NwuXciw6eQc4edjwSBnV3
2026-06-11,181,Anche Stasera,Sfera Ebbasta,X2VR,50262,-1072,-13,903,4,Falling,Streams down,https://i.scdn.co/image/ab67616d0000b2733c0eada9fb45ba9d43116f1d,https://open.spotify.com/track/5WssaPhjCCUFBMk9PpnHYj
2026-06-11,182,Ginevra,"Luchè, Geolier",Il mio lato peggiore,50256,1847,13,331,1,Rising,Streams up,https://i.scdn.co/image/ab67616d0000b273c62c7920980cba87cda1867f,https://open.spotify.com/track/0II4PFhloL0MsrF6sWHP8C
2026-06-11,183,VVS CARTIER,"Sfera Ebbasta, Shiva",SANTANA MONEY GANG,49909,-1153,-9,407,5,Falling,Streams down,https://i.scdn.co/image/ab67616d0000b273d6cdd0e09df54245b00fa9c6,https://open.spotify.com/track/3FrbT8aqk9xHtTfQc9Z3IR
2026-06-11,184,Gilgamesh,Kid Yugi,Anche gli Eroi Muoiono,49877,-1380,-14,133,3,Falling,Streams down,https://i.scdn.co/image/ab67616d0000b27361d90e6750f76fe0ad95befe,https://open.spotify.com/track/09wmUkefYD7B2IWpHP6v3P
2026-06-11,185,BUIO DAVANTI,Lazza,LOCURA,49852,-349,-2,627,3,Falling,Streams down,https://i.scdn.co/image/ab67616d0000b27390d7f08f5345410e0efff330,https://open.spotify.com/track/5MJc4IVIt17xEt6angtZcq
2026-06-11,186,Amelie,Kid Yugi,Anche gli Eroi Muoiono,49845,-1264,-14,133,2,Falling,Streams down,https://i.scdn.co/image/ab67616d0000b27361d90e6750f76fe0ad95befe,https://open.spotify.com/track/0O5KcmgOeEgublW6ySQ6Vc
2026-06-11,187,Nera,Irama,Plume,49682,,0,616,1,Stable,Streams stable,https://i.scdn.co/image/ab67616d0000b273a6f221182f3372804a24a901,https://open.spotify.com/track/6Lc0La3OwOmAouQjbID4uX
2026-06-11,188,A NAPOLI NON PIOVE,Geolier,TUTTO È POSSIBILE,49456,-1948,-21,81,15,Falling,Streams down,https://i.scdn.co/image/ab67616d0000b2738f6566879ccbdbc90b4fc974,https://open.spotify.com/track/5XOhmBwIBhaj5jg2ZIvRMI
2026-06-11,189,Islanda,Pinguini Tattici Nucleari,Hello World,49433,729,3,560,1,Rising,Streams up,https://i.scdn.co/image/ab67616d0000b27335f945f4057381447c5bb654,https://open.spotify.com/track/0JiJbbKU6RTYJXMBI34UzM
2026-06-11,190,ALTROVE,Ultimo,ALTROVE,49219,-6513,-54,389,13,Falling,Streams down,https://i.scdn.co/image/ab67616d0000b27395c1fc384c2bf4e7f9292017,https://open.spotify.com/track/1A1xTBtNnJ09JNINiLjdOK
2026-06-11,191,Beautiful Things,Benson Boone,Fireworks & Rollerblades,49052,,0,727,16,Stable,Streams stable,https://i.scdn.co/image/ab67616d0000b273831949037a1db10b87b005fa,https://open.spotify.com/track/3xkHsmpQCBMytMJNiDf3Ii
2026-06-11,192,Love Me Not,Ravyn Lenae,Bird's Eye,48989,-330,-2,108,126,Falling,Streams down,https://i.scdn.co/image/ab67616d0000b2730e62daaea2c7b94053e1c142,https://open.spotify.com/track/4WFgvKVfEhb3IUAFGrutTR
2026-06-11,193,Polvere,"Shiva, Tony Boy",Vangelo,48972,-1342,-13,416,8,Falling,Streams down,https://i.scdn.co/image/ab67616d0000b273106c24b2e7323189f68e8a4c,https://open.spotify.com/track/0fR79MubHtwcEiGJzUw8Au
2026-06-11,194,TUTTO È POSSIBILE,"Geolier, Pino Daniele",TUTTO È POSSIBILE,48963,-2014,-18,57,4,Falling,Streams down,https://i.scdn.co/image/ab67616d0000b2738f6566879ccbdbc90b4fc974,https://open.spotify.com/track/12vvDeeBjp9gGqPIVeJq8B
2026-06-11,195,M' Manc (con Geolier & Sfera Ebbasta),"Shablo, Geolier, Sfera Ebbasta",M' Manc (con Geolier & Sfera Ebbasta),48871,1057,5,1636,1,Rising,Streams up,https://i.scdn.co/image/ab67616d0000b273521496cca18501a2ffeebfa9,https://open.spotify.com/track/0MLu1cFYL4ikdRTdasCQT9
2026-06-11,196,Human Nature,Michael Jackson,Thriller,48846,-351,-5,46,55,Falling,Streams down,https://i.scdn.co/image/ab67616d0000b27332a7d87248d1b75463483df5,https://open.spotify.com/track/4cgjA7B4fJBHyB9Ya2bu0t
2026-06-11,197,EL PIBE DE ORO,"Geolier, Poison Beatz",DIO LO SA,48819,,0,506,5,Stable,Streams stable,https://i.scdn.co/image/ab67616d0000b273b68cc2f7d1956d743a7ee322,https://open.spotify.com/track/69VAE3LA7jn5rGAsdflMOS
2026-06-11,198,Calcolatrici,Sfera Ebbasta,X2VR,48656,,0,833,1,Stable,Streams stable,https://i.scdn.co/image/ab67616d0000b2733c0eada9fb45ba9d43116f1d,https://open.spotify.com/track/6bN41HjY008ggroMFxNLaa
2026-06-11,199,il filo rosso,Alfa,Non so chi ha creato il mondo ma so che era innamorato,48649,,0,558,2,Stable,Streams stable,https://i.scdn.co/image/ab67616d0000b2730cb0b554ab60bdae9819e50e,https://open.spotify.com/track/4fffEEVKwaw4gEoNW9fEX2
2026-06-11,200,Bang Bang,Sfera Ebbasta,Sfera Ebbasta,48600,-1452,-16,1514,50,Falling,Streams down,https://i.scdn.co/image/ab67616d0000b2730b5557811b1eab235b1fade4,https://open.spotify.com/track/7kktKNHgINrBczPUGoG38p
