chart_date,country,chart_rank,rank_change,chart_track_id,track_name,artist_names_text,streams,streams_share,streams_change,streams_7day,streams_total,days_on_chart,peak_rank,rank_bucket,spotify_track_id,spotify_track_url,spotify_album_id,album_name,album_type,album_release_date,release_year,days_since_release,duration_minutes,is_explicit,artist_count,is_collaboration,album_image_url,kworb_track_url
2026-06-22,IT,1,1,3QGY1Tr2MePboAxYtsdbn4,SWAG MUSIC,Artie 5ive,278415,0.017458201492031457,10572,2127640,11922409,39,1,Top 10,3QGY1Tr2MePboAxYtsdbn4,https://open.spotify.com/track/3QGY1Tr2MePboAxYtsdbn4,2UXBH30efrkteg2hSfUB10,SWAG MUSIC,single,2026-05-15,2026,38,2.8785666666666665,True,1,False,https://i.scdn.co/image/ab67616d0000b273367221e0ff226ec629714cc6,https://kworb.net/spotify/track/3QGY1Tr2MePboAxYtsdbn4.html
2026-06-22,IT,2,-1,63vgQs2pr8e0fU10Jp2MrW,OSSESSIONE,"Samurai Jay, Vito Salamanca",270572,0.016966400855205125,-20977,2073185,10431134,33,1,Top 10,63sQFPGkKfzcK5qEZVefpu,https://open.spotify.com/track/63sQFPGkKfzcK5qEZVefpu,2DbfTApmD8EQye9mNgVpcK,OSSESSIONE,single,2026-02-25,2026,117,3.1364,False,2,True,https://i.scdn.co/image/ab67616d0000b2734305c86a243ca7e7db9d710c,https://kworb.net/spotify/track/63vgQs2pr8e0fU10Jp2MrW.html
2026-06-22,IT,3,0,3WL6jUG9qR8rhOOVlD51JE,CANZONE D'AMORE,Geolier,255497,0.016021112751143297,-3382,1882424,34502197,158,3,Top 10,3WL6jUG9qR8rhOOVlD51JE,https://open.spotify.com/track/3WL6jUG9qR8rhOOVlD51JE,58OUscdI2nOUKFpoPlp2eb,TUTTO È POSSIBILE,album,2026-01-16,2026,157,3.0,False,1,False,https://i.scdn.co/image/ab67616d0000b2738f6566879ccbdbc90b4fc974,https://kworb.net/spotify/track/3WL6jUG9qR8rhOOVlD51JE.html
2026-06-22,IT,4,0,5k5scIRaBAJStJF1xWCqgc,LA TESTA GIRA,"Fred De Palma, Anitta, Emis Killa",244960,0.01536038301631746,-12461,1864075,17095062,88,3,Top 10,5k5scIRaBAJStJF1xWCqgc,https://open.spotify.com/track/5k5scIRaBAJStJF1xWCqgc,7GQvp2mrr9bRxhPV18oBok,LA TESTA GIRA,single,2026-03-27,2026,87,2.986483333333333,False,3,True,https://i.scdn.co/image/ab67616d0000b27303fcfef7dec7395e7f34a83b,https://kworb.net/spotify/track/5k5scIRaBAJStJF1xWCqgc.html
2026-06-22,IT,5,0,4uDzwzT9vjM6pUnhxmClxK,AL MIO PAESE,"Serena Brancale, Levante, DELIA",223526,0.014016349502389683,-20997,1711849,13157536,81,4,Top 10,0C2IeaV0r1F8IYWe4JjM2u,https://open.spotify.com/track/0C2IeaV0r1F8IYWe4JjM2u,2puopS5aH6YlpFJYqx6jGK,AL MIO PAESE,single,2026-04-03,2026,80,3.2931833333333334,False,3,True,https://i.scdn.co/image/ab67616d0000b2737743f0476cc177c770396986,https://kworb.net/spotify/track/4uDzwzT9vjM6pUnhxmClxK.html
2026-06-22,IT,6,0,1WitbPTd3SjoUJOWobxzVF,Bad Bad Bad,"Shiva, Geolier",215070,0.013486110284615431,4232,1566386,21145230,74,1,Top 10,1WitbPTd3SjoUJOWobxzVF,https://open.spotify.com/track/1WitbPTd3SjoUJOWobxzVF,2gqFeF2xx9zMEwUWRc5UK4,Vangelo,album,2026-04-10,2026,73,3.1764666666666668,True,2,True,https://i.scdn.co/image/ab67616d0000b273106c24b2e7323189f68e8a4c,https://kworb.net/spotify/track/1WitbPTd3SjoUJOWobxzVF.html
2026-06-22,IT,7,0,3xPMN6Ojy4uV0jicQf5dYZ,AYAYAY,"Sfera Ebbasta, DYSTINCT",201329,0.012624471555732274,5164,1478570,3674730,18,7,Top 10,3xPMN6Ojy4uV0jicQf5dYZ,https://open.spotify.com/track/3xPMN6Ojy4uV0jicQf5dYZ,3TV20ouePm2YUPAMSj4C0n,AYAYAY,single,2026-06-05,2026,17,2.4375,True,2,True,https://i.scdn.co/image/ab67616d0000b27353942b2114b943472cc99c83,https://kworb.net/spotify/track/3xPMN6Ojy4uV0jicQf5dYZ.html
2026-06-22,IT,8,0,16lyLmCVYv9Tvj6iGXKAAm,Da Dio,Bresh,198683,0.012458552330302915,10873,1461959,7336034,39,7,Top 10,7pzx95tPu1njhmM6IoR6Al,https://open.spotify.com/track/7pzx95tPu1njhmM6IoR6Al,1XjzMjgg0ktZSGrUv3j1bs,Da Dio,single,2026-05-15,2026,38,2.89025,False,1,False,https://i.scdn.co/image/ab67616d0000b2733ad214f34f047352b54a2ebd,https://kworb.net/spotify/track/16lyLmCVYv9Tvj6iGXKAAm.html
2026-06-22,IT,9,0,0y7D9JFF6APyFc18atzG9n,Splinter Cell,"G.Mineiro, Flatpearl, Jiz, Succo",188989,0.011850683482490286,6088,1405643,4812952,28,6,Top 10,3KsGBiWVuybY3Zm7LDKuqK,https://open.spotify.com/track/3KsGBiWVuybY3Zm7LDKuqK,6R0HGRmgF4A0wMrwkTh6yr,Splinter Cell,single,2026-05-22,2026,31,1.9548833333333333,True,4,True,https://i.scdn.co/image/ab67616d0000b273e9c1ffd4d58b8b5be2e2d602,https://kworb.net/spotify/track/0y7D9JFF6APyFc18atzG9n.html
2026-06-22,IT,10,0,3CaLAEZ5u8PEiylYQVIv10,Obsessed,"Shiva, ANNA",186612,0.011701632084589459,5104,1400267,20581156,74,2,Top 10,3CaLAEZ5u8PEiylYQVIv10,https://open.spotify.com/track/3CaLAEZ5u8PEiylYQVIv10,2gqFeF2xx9zMEwUWRc5UK4,Vangelo,album,2026-04-10,2026,73,3.0087333333333333,True,2,True,https://i.scdn.co/image/ab67616d0000b273106c24b2e7323189f68e8a4c,https://kworb.net/spotify/track/3CaLAEZ5u8PEiylYQVIv10.html
2026-06-22,IT,11,0,3d56FH7ZlHf9tjojZSwv8U,WHITE GIRL WASTED,ANNA,170857,0.010713704119117212,1473,836753,836753,4,3,Top 50,3d56FH7ZlHf9tjojZSwv8U,https://open.spotify.com/track/3d56FH7ZlHf9tjojZSwv8U,1MdbSkPqc1AeqWJQBk3Weq,WHITE GIRL WASTED,single,2026-06-18,2026,4,2.3692166666666665,True,1,False,https://i.scdn.co/image/ab67616d0000b27302175b6fb6e333973c7af750,https://kworb.net/spotify/track/3d56FH7ZlHf9tjojZSwv8U.html
2026-06-22,IT,12,0,3jG1o72wNvvjQn2kDoNsIu,ROMANTICA,Ultimo,164931,0.010342110268061132,4661,1210431,5933260,32,2,Top 50,3jG1o72wNvvjQn2kDoNsIu,https://open.spotify.com/track/3jG1o72wNvvjQn2kDoNsIu,10y0yFd5imPOaVmDIQ2lP1,ROMANTICA,single,2026-05-22,2026,31,3.2204333333333333,False,1,False,https://i.scdn.co/image/ab67616d0000b273bf9b4c37370c80131a4a6809,https://kworb.net/spotify/track/3jG1o72wNvvjQn2kDoNsIu.html
2026-06-22,IT,13,2,6bdTp8Jkp3IAU15rVPWFuJ,DAVVERODAVVERO,Artie 5ive,161340,0.010116934176407001,3771,1235178,29923797,192,2,Top 50,6bdTp8Jkp3IAU15rVPWFuJ,https://open.spotify.com/track/6bdTp8Jkp3IAU15rVPWFuJ,2NBjD7HfilmlALNet5aPFH,LA BELLAVITA,album,2025-03-28,2025,451,2.7653666666666665,True,1,False,https://i.scdn.co/image/ab67616d0000b2739e03e651e481bb0b5fb14b7a,https://kworb.net/spotify/track/6bdTp8Jkp3IAU15rVPWFuJ.html
2026-06-22,IT,14,0,6S9jhAReGPzub7RkRbv8HM,2 GIORNI DI FILA,"Geolier, Sfera Ebbasta, ANNA",159288,0.009988262124033212,670,1163679,33748240,158,1,Top 50,6S9jhAReGPzub7RkRbv8HM,https://open.spotify.com/track/6S9jhAReGPzub7RkRbv8HM,58OUscdI2nOUKFpoPlp2eb,TUTTO È POSSIBILE,album,2026-01-16,2026,157,3.5208333333333335,False,3,True,https://i.scdn.co/image/ab67616d0000b2738f6566879ccbdbc90b4fc974,https://kworb.net/spotify/track/6S9jhAReGPzub7RkRbv8HM.html
2026-06-22,IT,15,-2,6Y1SibRCnVlbaa7dS8slzr,Sorry Scusa Lo Siento,Pinguini Tattici Nucleari,158868,0.009961925739044425,-727,1165155,7455046,39,2,Top 50,6Y1SibRCnVlbaa7dS8slzr,https://open.spotify.com/track/6Y1SibRCnVlbaa7dS8slzr,6fsms67vLncXwehxDegR5I,Sorry Scusa Lo Siento,single,2026-05-15,2026,38,3.335566666666667,False,1,False,https://i.scdn.co/image/ab67616d0000b273d91aefd33813beab9a9f23ff,https://kworb.net/spotify/track/6Y1SibRCnVlbaa7dS8slzr.html
2026-06-22,IT,16,0,2n4L2a5xgpJmPdLzDl3mE6,Maladie,Mauvais djo,145340,0.009113643319691295,184,1098765,6530605,47,14,Top 50,2n4L2a5xgpJmPdLzDl3mE6,https://open.spotify.com/track/2n4L2a5xgpJmPdLzDl3mE6,7vTk9JCF1hzUNCjUA5vgkI,Maladie,single,2026-03-20,2026,94,3.2,False,1,False,https://i.scdn.co/image/ab67616d0000b2730bec8cf6742b5d00f101b0e8,https://kworb.net/spotify/track/2n4L2a5xgpJmPdLzDl3mE6.html
2026-06-22,IT,17,1,3I9z79CW67VLa4wCH3dkhQ,AUTORITÀ,Geolier,132553,0.008311825808139812,-578,1048812,3979293,19,1,Top 50,44igqinwL0GzbSEX4lovsi,https://open.spotify.com/track/44igqinwL0GzbSEX4lovsi,2CCna0QTtaOVDjFvobTZeO,AUTORITÀ,single,2026-06-04,2026,18,3.05995,True,1,False,https://i.scdn.co/image/ab67616d0000b2737d5cf75f7c49628406fe56fc,https://kworb.net/spotify/track/3I9z79CW67VLa4wCH3dkhQ.html
2026-06-22,IT,18,4,3JjyzXQ07ODREBhJknQgLS,Canto d’amore (con Marco Mengoni),"Angelina Mango, Marco Mengoni",131313,0.008234070766744345,9379,868850,1299197,11,18,Top 50,3JjyzXQ07ODREBhJknQgLS,https://open.spotify.com/track/3JjyzXQ07ODREBhJknQgLS,164ST8Sbg81Pr7rJZ1iKBN,Canto d’amore (con Marco Mengoni),single,2026-06-12,2026,10,3.2364,False,2,True,https://i.scdn.co/image/ab67616d0000b273d5c202928352e775059dedbb,https://kworb.net/spotify/track/3JjyzXQ07ODREBhJknQgLS.html
2026-06-22,IT,19,1,45vry78xJDOxCzW6oPbLyN,Cuore rotto,Tony Boy,127760,0.008011277490874913,4297,1021162,3945559,18,1,Top 50,45vry78xJDOxCzW6oPbLyN,https://open.spotify.com/track/45vry78xJDOxCzW6oPbLyN,3IZTQfXDz7gAJtqB6UDKt9,Cuore rotto,single,2026-06-05,2026,17,2.3333333333333335,False,1,False,https://i.scdn.co/image/ab67616d0000b27358005fdf22ddffcd402f207d,https://kworb.net/spotify/track/45vry78xJDOxCzW6oPbLyN.html
2026-06-22,IT,20,-3,5zEcbencrcP0p5Z8508vWz,Talk To You (ft. 54 Ultra),ANOTR,127404,0.007988954269312988,-9901,969895,1563692,11,16,Top 50,0kl6Ozan3fuUdCl6TlB15v,https://open.spotify.com/track/0kl6Ozan3fuUdCl6TlB15v,374Z5kI6lNCztQV7HItzUJ,Talk To You (ft. 54 Ultra),single,2026-03-06,2026,108,3.1846,False,2,True,https://i.scdn.co/image/ab67616d0000b273b42ed7f52290f1583760a7e2,https://kworb.net/spotify/track/5zEcbencrcP0p5Z8508vWz.html
2026-06-22,IT,21,8,5LN0gLSxSEaigog3VjCci3,Babyface,"Shiva, Kid Yugi",124741,0.007821969047348368,10651,918109,15719639,74,2,Top 50,5LN0gLSxSEaigog3VjCci3,https://open.spotify.com/track/5LN0gLSxSEaigog3VjCci3,2gqFeF2xx9zMEwUWRc5UK4,Vangelo,album,2026-04-10,2026,73,2.9655666666666667,True,2,True,https://i.scdn.co/image/ab67616d0000b273106c24b2e7323189f68e8a4c,https://kworb.net/spotify/track/5LN0gLSxSEaigog3VjCci3.html
2026-06-22,IT,22,-1,6QFCMUUq1T2Vf5sFUXcuQ7,Beauty And A Beat,"Justin Bieber, Nicki Minaj",124442,0.007803220049463494,1275,921404,13747369,72,3,Top 50,6QFCMUUq1T2Vf5sFUXcuQ7,https://open.spotify.com/track/6QFCMUUq1T2Vf5sFUXcuQ7,5cxMa6oLINJzmZ8lF7wWQN,Believe,album,2012-01-01,2012,5286,3.7997666666666667,False,2,True,https://i.scdn.co/image/ab67616d0000b273f1d02a6cec967f8b6b78f76e,https://kworb.net/spotify/track/6QFCMUUq1T2Vf5sFUXcuQ7.html
2026-06-22,IT,23,-4,6iOndD4OFo7GkaDypWQIou,La Plena - W Sound 05,"W Sound, Beéle, Ovy On The Drums",120591,0.007561740481387732,-4930,958637,87726601,448,1,Top 50,6iOndD4OFo7GkaDypWQIou,https://open.spotify.com/track/6iOndD4OFo7GkaDypWQIou,4Xdo78uvvt1P7rWRX8TOPt,La Plena (W Sound 05),single,2025-02-19,2025,488,2.5000166666666668,True,3,True,https://i.scdn.co/image/ab67616d0000b273c0353d023daf5ebda0eb003b,https://kworb.net/spotify/track/6iOndD4OFo7GkaDypWQIou.html
2026-06-22,IT,24,7,3yaRrdo3DDeKgDaubuBsId,Cantilene,"Juli, Olly",120535,0.007558228963389227,7934,823554,8259984,60,5,Top 50,3yaRrdo3DDeKgDaubuBsId,https://open.spotify.com/track/3yaRrdo3DDeKgDaubuBsId,7o2Ac7nDPNLO0tOsdZ73JD,SOLITO CINEMA,album,2026-04-24,2026,59,3.9888333333333335,False,2,True,https://i.scdn.co/image/ab67616d0000b27311db5c0adf8b90e0c5138336,https://kworb.net/spotify/track/3yaRrdo3DDeKgDaubuBsId.html
2026-06-22,IT,25,-2,7aNsNTpMq7D4fffUiYKXNR,Giovani Re,Sfera Ebbasta,120015,0.007525622010545966,-1108,902018,21710638,176,9,Top 50,7aNsNTpMq7D4fffUiYKXNR,https://open.spotify.com/track/7aNsNTpMq7D4fffUiYKXNR,5fTgdXawyLC7oZEry7jGEk,Famoso,album,2021-02-12,2021,1956,2.8057,True,1,False,https://i.scdn.co/image/ab67616d0000b273affffa7ab8803fca453be456,https://kworb.net/spotify/track/7aNsNTpMq7D4fffUiYKXNR.html
2026-06-22,IT,26,2,0P0GZSQTYSdCPzQar8Rbqf,ACQUARIO,Ultimo,114409,0.007174093976624201,-2202,775913,17528813,165,2,Top 50,0P0GZSQTYSdCPzQar8Rbqf,https://open.spotify.com/track/0P0GZSQTYSdCPzQar8Rbqf,4Kb07sqP1OQ9xkfazOi7C3,ACQUARIO,single,2026-01-09,2026,164,3.2269,True,1,False,https://i.scdn.co/image/ab67616d0000b273644652160595bfc09c495c22,https://kworb.net/spotify/track/0P0GZSQTYSdCPzQar8Rbqf.html
2026-06-22,IT,27,-3,5TFD2bmFKGhoCRbX61nXY5,NUEVAYoL,Bad Bunny,114125,0.007156285563917497,-5116,876194,72541133,533,2,Top 50,5TFD2bmFKGhoCRbX61nXY5,https://open.spotify.com/track/5TFD2bmFKGhoCRbX61nXY5,5K79FLRUCSysQnVESLcTdb,DeBÍ TiRAR MáS FOToS,album,2025-01-05,2025,533,3.0614166666666667,False,1,False,https://i.scdn.co/image/ab67616d0000b273bbd45c8d36e0e045ef640411,https://kworb.net/spotify/track/5TFD2bmFKGhoCRbX61nXY5.html
2026-06-22,IT,28,-3,5vdmfjy5CVrV0xYEcO2f4Q,Buon Vento,"Jovanotti, Alfa",113593,0.0071229261429317,-4869,860387,3652989,32,24,Top 50,5vdmfjy5CVrV0xYEcO2f4Q,https://open.spotify.com/track/5vdmfjy5CVrV0xYEcO2f4Q,06ge45XUS63W0ENu9QjjQN,Buon Vento,single,2026-05-21,2026,32,2.91835,False,2,True,https://i.scdn.co/image/ab67616d0000b2737265c7cbbc7f89bba30614ff,https://kworb.net/spotify/track/5vdmfjy5CVrV0xYEcO2f4Q.html
2026-06-22,IT,29,6,6UrPST46XxYPqbAAThhSMS,VOLEVO CAPIRE CON MARRACASH,"Madame, Marracash",113218,0.007099411513477425,4283,842568,8704595,67,12,Top 50,6UrPST46XxYPqbAAThhSMS,https://open.spotify.com/track/6UrPST46XxYPqbAAThhSMS,02UzV7oxqKA0Kkp3n205KB,DISINCANTO,album,2026-04-16,2026,67,2.6222166666666666,False,2,True,https://i.scdn.co/image/ab67616d0000b2732e29d8e9ccb757f686385250,https://kworb.net/spotify/track/6UrPST46XxYPqbAAThhSMS.html
2026-06-22,IT,30,-4,3sK8wGT43QFpWrvNQsrQya,DtMF,Bad Bunny,110711,0.006942208377365784,-7426,873646,87927768,531,1,Top 50,3sK8wGT43QFpWrvNQsrQya,https://open.spotify.com/track/3sK8wGT43QFpWrvNQsrQya,5K79FLRUCSysQnVESLcTdb,DeBÍ TiRAR MáS FOToS,album,2025-01-05,2025,533,3.95195,True,1,False,https://i.scdn.co/image/ab67616d0000b273bbd45c8d36e0e045ef640411,https://kworb.net/spotify/track/3sK8wGT43QFpWrvNQsrQya.html
2026-06-22,IT,31,-4,1VX2LLBpUPS2QJVou4WGz3,Questa domenica,"Olly, Juli",110593,0.006934809107297505,-6802,849609,60353782,299,1,Top 50,1OzmC9yrffo4samDgOzg27,https://open.spotify.com/track/1OzmC9yrffo4samDgOzg27,2MAslE3CpEJAIvLG8EW1Gh,Questa domenica,single,2025-08-29,2025,297,3.6016333333333335,False,2,True,https://i.scdn.co/image/ab67616d0000b273b2543a4312d07cffe4205d98,https://kworb.net/spotify/track/1VX2LLBpUPS2QJVou4WGz3.html
2026-06-22,IT,32,1,7vc09IDmFH0MfyPYHPEWRM,AMOR,Achille Lauro,109337,0.006856050775045322,-1650,872969,69700324,431,5,Top 50,7vc09IDmFH0MfyPYHPEWRM,https://open.spotify.com/track/7vc09IDmFH0MfyPYHPEWRM,3tiuh424B3Leg8bxHc1Jv5,Comuni Mortali,album,2025-04-18,2025,430,2.9558,False,1,False,https://i.scdn.co/image/ab67616d0000b273264663d274f67b13c4ae531e,https://kworb.net/spotify/track/7vc09IDmFH0MfyPYHPEWRM.html
2026-06-22,IT,33,4,549DrPfwUQuZB3q53WQh1z,FLAMENCO PARANOIA,"Samurai Jay, Vito Salamanca",109330,0.006855611835295509,2019,769574,2953760,32,33,Top 50,549DrPfwUQuZB3q53WQh1z,https://open.spotify.com/track/549DrPfwUQuZB3q53WQh1z,0Put06lJPKgGFHmMntdV7f,AMATORE,album,2026-05-21,2026,32,2.7377,False,2,True,https://i.scdn.co/image/ab67616d0000b273ec6dd44403255d31f03eb164,https://kworb.net/spotify/track/549DrPfwUQuZB3q53WQh1z.html
2026-06-22,IT,34,6,53GaYNLUejzouMIDRaukD1,Cabana,Irama,105520,0.0066167032000400815,446,725349,2483048,35,34,Top 50,0mky62869TYpIcvQ9NmOtY,https://open.spotify.com/track/0mky62869TYpIcvQ9NmOtY,6jZqXuGjnCopndMocQFEcm,Cabana,single,2026-05-15,2026,38,2.6909,False,1,False,https://i.scdn.co/image/ab67616d0000b27357a423d58da2d9d974de3df6,https://kworb.net/spotify/track/53GaYNLUejzouMIDRaukD1.html
2026-06-22,IT,35,-3,25idOmfSOCGGdgPhw9iCRm,Ora che non ho più te,Cesare Cremonini,103331,0.006479440469705664,-8460,821265,105421144,637,1,Top 50,25idOmfSOCGGdgPhw9iCRm,https://open.spotify.com/track/25idOmfSOCGGdgPhw9iCRm,3ROTuddVE79FtfYVw5BfzG,ALASKA BABY,album,2024-11-28,2024,571,5.050533333333333,False,1,False,https://i.scdn.co/image/ab67616d0000b2738105d9afaf9247e8345e0ed6,https://kworb.net/spotify/track/25idOmfSOCGGdgPhw9iCRm.html
2026-06-22,IT,36,-2,1i41RQ2km1sO8JD6fFVCxX,Mayday,"Shiva, Lazza, Sfera Ebbasta",103137,0.006467275568067986,-6419,832305,12993995,74,5,Top 50,1i41RQ2km1sO8JD6fFVCxX,https://open.spotify.com/track/1i41RQ2km1sO8JD6fFVCxX,2gqFeF2xx9zMEwUWRc5UK4,Vangelo,album,2026-04-10,2026,73,3.6422666666666665,True,3,True,https://i.scdn.co/image/ab67616d0000b273106c24b2e7323189f68e8a4c,https://kworb.net/spotify/track/1i41RQ2km1sO8JD6fFVCxX.html
2026-06-22,IT,37,-1,1IHWl5LamUGEuP4ozKQSXZ,Tití Me Preguntó,Bad Bunny,101135,0.006341738799621433,-7462,780497,80135719,744,5,Top 50,1IHWl5LamUGEuP4ozKQSXZ,https://open.spotify.com/track/1IHWl5LamUGEuP4ozKQSXZ,3RQQmkQEvNCY4prGKE6oc5,Un Verano Sin Ti,album,2022-05-06,2022,1508,4.061933333333333,True,1,False,https://i.scdn.co/image/ab67616d0000b27349d694203245f241a1bcaa72,https://kworb.net/spotify/track/1IHWl5LamUGEuP4ozKQSXZ.html
2026-06-22,IT,38,5,3UUqp8cf3sWFSmxw6r0Tqm,I romantici,Tommaso Paradiso,100947,0.006329950132055024,-5,775916,20187333,118,9,Top 50,3X6VETSe1orqobaME0KTzQ,https://open.spotify.com/track/3X6VETSe1orqobaME0KTzQ,6QXhh6j3OifW2hTvVWXbVW,I romantici,single,2026-02-25,2026,117,3.99945,False,1,False,https://i.scdn.co/image/ab67616d0000b273f36d9162096b9c61c3fd388b,https://kworb.net/spotify/track/3UUqp8cf3sWFSmxw6r0Tqm.html
2026-06-22,IT,39,-9,4TTJpJqCoG1HrXhnNENqAp,Bandito,"Dipinto, Fresh Beatz",100865,0.006324808266414355,-12071,428395,428395,4,30,Top 50,4TTJpJqCoG1HrXhnNENqAp,https://open.spotify.com/track/4TTJpJqCoG1HrXhnNENqAp,7aeDTh7h77f5hsLz6f7DrP,Bandito,single,2026-06-19,2026,3,2.0078,False,2,True,https://i.scdn.co/image/ab67616d0000b273b1b466b83a568261768acaa3,https://kworb.net/spotify/track/4TTJpJqCoG1HrXhnNENqAp.html
2026-06-22,IT,40,-1,7J1uxwnxfQLu4APicE5Rnj,Billie Jean,Michael Jackson,100686,0.0063135839499548485,-4746,776101,9075309,71,8,Top 50,7J1uxwnxfQLu4APicE5Rnj,https://open.spotify.com/track/7J1uxwnxfQLu4APicE5Rnj,2ANVost0y2y52ema1E9xAZ,Thriller,album,1982-11-30,1982,15910,4.8967,False,1,False,https://i.scdn.co/image/ab67616d0000b27332a7d87248d1b75463483df5,https://kworb.net/spotify/track/7J1uxwnxfQLu4APicE5Rnj.html
2026-06-22,IT,41,0,0HS9jzQvqyEyVLuo7sskFO,Stupida sfortuna,Fulminacci,100297,0.006289191441000948,-2664,753539,24240346,118,3,Top 50,2yzOkthIypp8Lwkww7LZjY,https://open.spotify.com/track/2yzOkthIypp8Lwkww7LZjY,2op7wmZ9fVyLGLhjGmrLMG,Stupida sfortuna,single,2026-02-25,2026,117,2.9168833333333333,False,1,False,https://i.scdn.co/image/ab67616d0000b2736ee6ea583faf9653c920b030,https://kworb.net/spotify/track/0HS9jzQvqyEyVLuo7sskFO.html
2026-06-22,IT,42,5,4qW3BbQAwZsrnu8a3ZRdyT,Self Aware,Temper City,100152,0.006280099117611962,6515,735045,6385344,76,35,Top 50,4qW3BbQAwZsrnu8a3ZRdyT,https://open.spotify.com/track/4qW3BbQAwZsrnu8a3ZRdyT,7Cdqksm4yTfiq0EfKPa86M,Self Aware,single,2026-02-15,2026,127,3.0123333333333333,False,1,False,https://i.scdn.co/image/ab67616d0000b273d6c26d2ae723f7ab553d64cc,https://kworb.net/spotify/track/4qW3BbQAwZsrnu8a3ZRdyT.html
2026-06-22,IT,43,11,0kosUz0jePvjiz4ctmR6wL,Dai Dai,"Shakira, Burna Boy",99393,0.006232505507596511,9558,647992,983606,12,43,Top 50,0kosUz0jePvjiz4ctmR6wL,https://open.spotify.com/track/0kosUz0jePvjiz4ctmR6wL,2eeufspLkAubwTJfOGSrI8,Dai Dai,single,2026-05-14,2026,39,3.7241333333333335,False,2,True,https://i.scdn.co/image/ab67616d0000b27303cadf1b3fe324c1dc710ed4,https://kworb.net/spotify/track/0kosUz0jePvjiz4ctmR6wL.html
2026-06-22,IT,44,-6,7e4zDInS6tA2jwzphvs2Ay,Jamaican (Bam Bam),"HUGEL, SOLTO (FR)",99165,0.006218208612888312,-6579,717825,5910810,81,37,Top 50,7e4zDInS6tA2jwzphvs2Ay,https://open.spotify.com/track/7e4zDInS6tA2jwzphvs2Ay,5ZX3Zdp20YCGI4ruAfZlMj,Jamaican (Bam Bam),single,2025-11-07,2025,227,2.60655,False,2,True,https://i.scdn.co/image/ab67616d0000b273450a730dd72f3bf49882ae9d,https://kworb.net/spotify/track/7e4zDInS6tA2jwzphvs2Ay.html
2026-06-22,IT,45,4,0TJYJrUDKQ1btt4g0Xwklw,LA GRACIOSA,"Quevedo, Elvis Crespo",98853,0.006198644441182356,6104,685081,3214551,43,45,Top 50,0b3Bkp0UfCkNqquAUmoP5m,https://open.spotify.com/track/0b3Bkp0UfCkNqquAUmoP5m,0WijS8Oq1zVzbVCepggKgV,LA GRACIOSA,single,2026-04-23,2026,60,4.295216666666667,False,2,True,https://i.scdn.co/image/ab67616d0000b273762bb4d1f3481df994ce5f40,https://kworb.net/spotify/track/0TJYJrUDKQ1btt4g0Xwklw.html
2026-06-22,IT,46,10,4kkbhtfbTCp3JN4H7zu9ny,IL GIORNO CHE ASPETTAVO,Ultimo,98483,0.006175443340120805,10746,480731,480731,4,14,Top 50,4kkbhtfbTCp3JN4H7zu9ny,https://open.spotify.com/track/4kkbhtfbTCp3JN4H7zu9ny,7Hww6TqaOQMRjWJSNqVyyY,IL GIORNO CHE ASPETTAVO,album,2026-06-19,2026,3,3.3211,False,1,False,https://i.scdn.co/image/ab67616d0000b273ec2b58c5dbabf8745c701799,https://kworb.net/spotify/track/4kkbhtfbTCp3JN4H7zu9ny.html
2026-06-22,IT,47,-5,2lTm559tuIvatlT1u0JYG2,BAILE INoLVIDABLE,Bad Bunny,95983,0.006018679143758976,-5385,767561,48578460,529,3,Top 50,2lTm559tuIvatlT1u0JYG2,https://open.spotify.com/track/2lTm559tuIvatlT1u0JYG2,5K79FLRUCSysQnVESLcTdb,DeBÍ TiRAR MáS FOToS,album,2025-01-05,2025,533,6.12875,True,1,False,https://i.scdn.co/image/ab67616d0000b273bbd45c8d36e0e045ef640411,https://kworb.net/spotify/track/2lTm559tuIvatlT1u0JYG2.html
2026-06-22,IT,48,-3,2qBPVhXAvX3kTFp2mk46gn,Via dei Mille,"Dipinto, Fresh Beatz",95026,0.005958669809391668,-1197,711801,15827328,102,4,Top 50,2qBPVhXAvX3kTFp2mk46gn,https://open.spotify.com/track/2qBPVhXAvX3kTFp2mk46gn,582gc2Nyig9saw8gHx9sUw,Via dei Mille,single,2026-03-13,2026,101,2.1769166666666666,True,2,True,https://i.scdn.co/image/ab67616d0000b273fba738f77d26eebb07d07e0d,https://kworb.net/spotify/track/2qBPVhXAvX3kTFp2mk46gn.html
2026-06-22,IT,49,2,2qf4KviAhT4cNGydUT28Qo,Labirinto,Luchè,94771,0.005942679861362761,3375,734428,24298053,118,3,Top 50,11C1h0tuCW9qRa1QGPV9Vj,https://open.spotify.com/track/11C1h0tuCW9qRa1QGPV9Vj,0vrr3P8BXPhM3eXtsBptuq,Labirinto,single,2026-02-25,2026,117,3.788683333333333,False,1,False,https://i.scdn.co/image/ab67616d0000b273797d3bac974be0c1292bed48,https://kworb.net/spotify/track/2qf4KviAhT4cNGydUT28Qo.html
2026-06-22,IT,50,0,3l109GEhkVYrTvDoKuNGlu,BERLINO,Ernia,94339,0.005915591008231437,2000,711562,26958686,265,13,Top 50,3l109GEhkVYrTvDoKuNGlu,https://open.spotify.com/track/3l109GEhkVYrTvDoKuNGlu,3ixf929ty0cKT46gJ0sJ9Y,PER SOLDI E PER AMORE,album,2025-09-18,2025,277,2.92,False,1,False,https://i.scdn.co/image/ab67616d0000b273c1fc667f2f142100a44348e8,https://kworb.net/spotify/track/3l109GEhkVYrTvDoKuNGlu.html
2026-06-22,IT,51,2,5ZliWdrEfiHceXVGnGzlxA,Serenamente,"Juli, Bresh",94078,0.005899224826131262,3383,704792,8033621,60,5,Top 100,5ZliWdrEfiHceXVGnGzlxA,https://open.spotify.com/track/5ZliWdrEfiHceXVGnGzlxA,7o2Ac7nDPNLO0tOsdZ73JD,SOLITO CINEMA,album,2026-04-24,2026,59,3.2739,False,2,True,https://i.scdn.co/image/ab67616d0000b27311db5c0adf8b90e0c5138336,https://kworb.net/spotify/track/5ZliWdrEfiHceXVGnGzlxA.html
2026-06-22,IT,52,-4,7i0zYckMTyvLyKAFxfOKIS,SOGNO AMERICANO,Artie 5ive,93163,0.005841849130262833,-351,706291,60577738,452,1,Top 100,7i0zYckMTyvLyKAFxfOKIS,https://open.spotify.com/track/7i0zYckMTyvLyKAFxfOKIS,2NBjD7HfilmlALNet5aPFH,LA BELLAVITA,album,2025-03-28,2025,451,2.933333333333333,True,1,False,https://i.scdn.co/image/ab67616d0000b2739e03e651e481bb0b5fb14b7a,https://kworb.net/spotify/track/7i0zYckMTyvLyKAFxfOKIS.html
2026-06-22,IT,53,-7,1YaSQXYPqhwtw35Wf3Z0nI,L'Amore Non Mi Basta,Emma,92064,0.005772935589542173,-3365,696167,34998907,388,1,Top 100,1YaSQXYPqhwtw35Wf3Z0nI,https://open.spotify.com/track/1YaSQXYPqhwtw35Wf3Z0nI,1CSskxZMvTHis0a3YwBOHR,Schiena,album,2013-01-01,2013,4920,3.5242166666666668,False,1,False,https://i.scdn.co/image/ab67616d0000b273dcceee76ed8d7d01d0b0d109,https://kworb.net/spotify/track/1YaSQXYPqhwtw35Wf3Z0nI.html
2026-06-22,IT,54,-2,1QMGYNbDtHIRzDMKugpg7t,Balorda nostalgia,"Olly, Juli",91979,0.00576760560686587,1186,644240,33307058,260,3,Top 100,1QMGYNbDtHIRzDMKugpg7t,https://open.spotify.com/track/1QMGYNbDtHIRzDMKugpg7t,08SB1CgIS0yVIH7ZV99I6f,TUTTA VITA (SEMPRE),album,2025-09-26,2025,269,3.2951333333333332,False,2,True,https://i.scdn.co/image/ab67616d0000b2736752cb3279906514dd04c8aa,https://kworb.net/spotify/track/1QMGYNbDtHIRzDMKugpg7t.html
2026-06-22,IT,55,2,5eVWsjUs8OUajXFUWk9fXo,Devo Andare Con Le Mie Winx,"G.Mineiro, Rhove, Flatpearl, Succo",91847,0.005759328457297966,5322,689848,1860799,18,31,Top 100,5eVWsjUs8OUajXFUWk9fXo,https://open.spotify.com/track/5eVWsjUs8OUajXFUWk9fXo,3vAjsYdC3b1kYWqmZaM4sd,È O G.,album,2026-06-04,2026,18,2.229,True,4,True,https://i.scdn.co/image/ab67616d0000b27307bdc873725e7084d79d693f,https://kworb.net/spotify/track/5eVWsjUs8OUajXFUWk9fXo.html
2026-06-22,IT,56,15,77uiPp5CwS14DPThQSLsNs,QUANDO DORME LA CITTÀ,Ultimo,90042,0.005646144707524725,14470,376680,376680,4,36,Top 100,77uiPp5CwS14DPThQSLsNs,https://open.spotify.com/track/77uiPp5CwS14DPThQSLsNs,7Hww6TqaOQMRjWJSNqVyyY,IL GIORNO CHE ASPETTAVO,album,2026-06-19,2026,3,3.4645,False,1,False,https://i.scdn.co/image/ab67616d0000b273ec2b58c5dbabf8745c701799,https://kworb.net/spotify/track/77uiPp5CwS14DPThQSLsNs.html
2026-06-22,IT,57,-13,2qoacuHNUgG2GQ0e5KhR7D,TU MI PIACI TANTO,"Sayf, Dibla, Jiz",88891,0.005573970471519739,-8174,697776,5815417,46,9,Top 100,1ByC6cNyFHMIrqTDVf8Urf,https://open.spotify.com/track/1ByC6cNyFHMIrqTDVf8Urf,0fRRdNGgVZ1tiPjfDPlD8k,TU MI PIACI TANTO,single,2026-02-25,2026,117,3.4944,False,3,True,https://i.scdn.co/image/ab67616d0000b273e1eafe16a2cb5d4e306f1918,https://kworb.net/spotify/track/2qoacuHNUgG2GQ0e5KhR7D.html
2026-06-22,IT,58,10,6RRxP0B9bVZnbTnSpxfo9W,Spie,Shiva,84868,0.005321705526734284,7046,649172,13162168,74,2,Top 100,6RRxP0B9bVZnbTnSpxfo9W,https://open.spotify.com/track/6RRxP0B9bVZnbTnSpxfo9W,2gqFeF2xx9zMEwUWRc5UK4,Vangelo,album,2026-04-10,2026,73,3.086316666666667,True,1,False,https://i.scdn.co/image/ab67616d0000b273106c24b2e7323189f68e8a4c,https://kworb.net/spotify/track/6RRxP0B9bVZnbTnSpxfo9W.html
2026-06-22,IT,59,0,5ukcsJ6xFum4aGyd4s2clw,STELLE,Geolier,84042,0.005269910636256336,-2060,618070,19576359,158,4,Top 100,5ukcsJ6xFum4aGyd4s2clw,https://open.spotify.com/track/5ukcsJ6xFum4aGyd4s2clw,58OUscdI2nOUKFpoPlp2eb,TUTTO È POSSIBILE,album,2026-01-16,2026,157,3.44,False,1,False,https://i.scdn.co/image/ab67616d0000b2738f6566879ccbdbc90b4fc974,https://kworb.net/spotify/track/5ukcsJ6xFum4aGyd4s2clw.html
2026-06-22,IT,60,4,7os93Vpc5gJ40Fm0QC48a8,ARCOBALENO,"Geolier, Anuel AA",83055,0.005208020131532686,560,608897,20570838,158,2,Top 100,7os93Vpc5gJ40Fm0QC48a8,https://open.spotify.com/track/7os93Vpc5gJ40Fm0QC48a8,58OUscdI2nOUKFpoPlp2eb,TUTTO È POSSIBILE,album,2026-01-16,2026,157,3.2277833333333334,True,2,True,https://i.scdn.co/image/ab67616d0000b2738f6566879ccbdbc90b4fc974,https://kworb.net/spotify/track/7os93Vpc5gJ40Fm0QC48a8.html
2026-06-22,IT,61,-6,1ej2NcW0CHnscPp1RZpr1V,Devastante,"Olly, Juli",83025,0.005206138961176343,-5443,606417,138835247,837,3,Top 100,1ej2NcW0CHnscPp1RZpr1V,https://open.spotify.com/track/1ej2NcW0CHnscPp1RZpr1V,4QpLnSupGsuYYJYYoj29Q7,TUTTA VITA,album,2024-10-25,2024,605,3.1687,False,2,True,https://i.scdn.co/image/ab67616d0000b2739a9754efa9799615cf6045e9,https://kworb.net/spotify/track/1ej2NcW0CHnscPp1RZpr1V.html
2026-06-22,IT,62,-4,5pk3bAZLMs1PqdMuHITZU9,Perdutamente,Achille Lauro,80565,0.005051882991956303,-5744,655211,23283601,200,12,Top 100,5pk3bAZLMs1PqdMuHITZU9,https://open.spotify.com/track/5pk3bAZLMs1PqdMuHITZU9,3tiuh424B3Leg8bxHc1Jv5,Comuni Mortali,album,2025-04-18,2025,430,4.070733333333333,False,1,False,https://i.scdn.co/image/ab67616d0000b273264663d274f67b13c4ae531e,https://kworb.net/spotify/track/5pk3bAZLMs1PqdMuHITZU9.html
2026-06-22,IT,63,-1,5nFyfjGy6AMZqkW0OMUWJJ,Per due come noi,"Olly, Angelina Mango, Juli",80544,0.005050566172706865,-2577,579154,113900869,655,1,Top 100,5nFyfjGy6AMZqkW0OMUWJJ,https://open.spotify.com/track/5nFyfjGy6AMZqkW0OMUWJJ,4QpLnSupGsuYYJYYoj29Q7,TUTTA VITA,album,2024-10-25,2024,605,3.54755,False,3,True,https://i.scdn.co/image/ab67616d0000b2739a9754efa9799615cf6045e9,https://kworb.net/spotify/track/5nFyfjGy6AMZqkW0OMUWJJ.html
2026-06-22,IT,64,-3,7lwRULBv1wRCY4sTBHOUNy,PARTENOPE,"Merk & Kremont, Serena Brancale, The Kolors",80487,0.005046991949029815,-3487,605970,1192222,15,57,Top 100,7lwRULBv1wRCY4sTBHOUNy,https://open.spotify.com/track/7lwRULBv1wRCY4sTBHOUNy,18YymC6IWBNcNo46Qe8r50,"PARTENOPE (feat. Serena Brancale, The Kolors)",single,2026-06-05,2026,17,2.508183333333333,False,3,True,https://i.scdn.co/image/ab67616d0000b27381e9c6bfc08d4a1e56a38400,https://kworb.net/spotify/track/7lwRULBv1wRCY4sTBHOUNy.html
2026-06-22,IT,65,1,0jkAr7eZsvWDLYiQCfaxak,NEON,"Sfera Ebbasta, Shiva",80396,0.005041285732282244,-226,597148,86608295,438,1,Top 100,0jkAr7eZsvWDLYiQCfaxak,https://open.spotify.com/track/0jkAr7eZsvWDLYiQCfaxak,71agI93AilqukvHURp6tGy,SANTANA MONEY GANG,album,2025-04-10,2025,438,3.7817666666666665,True,2,True,https://i.scdn.co/image/ab67616d0000b273d6cdd0e09df54245b00fa9c6,https://kworb.net/spotify/track/0jkAr7eZsvWDLYiQCfaxak.html
2026-06-22,IT,66,-1,3BovdzfaX4jb5KFQwoPfAw,Beat It,Michael Jackson,80380,0.005040282441425528,-1788,627992,7332568,61,14,Top 100,3BovdzfaX4jb5KFQwoPfAw,https://open.spotify.com/track/3BovdzfaX4jb5KFQwoPfAw,2ANVost0y2y52ema1E9xAZ,Thriller,album,1982-11-30,1982,15910,4.3049333333333335,False,1,False,https://i.scdn.co/image/ab67616d0000b27332a7d87248d1b75463483df5,https://kworb.net/spotify/track/3BovdzfaX4jb5KFQwoPfAw.html
2026-06-22,IT,67,2,27teXnNekA5jBFLCcsCFoq,7ELEVEN,Artie 5ive,79620,0.004992626125731532,2738,604094,37903203,340,7,Top 100,27teXnNekA5jBFLCcsCFoq,https://open.spotify.com/track/27teXnNekA5jBFLCcsCFoq,4Are0mNScwygiibFFK39db,BIG 5,single,2025-07-18,2025,339,2.1249833333333332,True,1,False,https://i.scdn.co/image/ab67616d0000b273ae327bdcc50cf2b33e8e254f,https://kworb.net/spotify/track/27teXnNekA5jBFLCcsCFoq.html
2026-06-22,IT,68,-5,4oYTKjG6JYD0Fn8xxAZy2w,BUONA DOMENICA,Sayf,79251,0.004969487730348526,-3502,576678,5615362,75,18,Top 100,0mRRblaBsr3Vq79sNfv8Ty,https://open.spotify.com/track/0mRRblaBsr3Vq79sNfv8Ty,17jBG75ANeNCWTNsi4QSwn,BUONA DOMENICA,single,2026-04-02,2026,81,3.1209,False,1,False,https://i.scdn.co/image/ab67616d0000b273482ba9d105682caa91f0ddc8,https://kworb.net/spotify/track/4oYTKjG6JYD0Fn8xxAZy2w.html
2026-06-22,IT,69,-2,7yNf9YjeO5JXUE3JEBgnYc,Babydoll,Dominic Fike,79026,0.004955378952675961,949,586791,12926339,128,18,Top 100,7yNf9YjeO5JXUE3JEBgnYc,https://open.spotify.com/track/7yNf9YjeO5JXUE3JEBgnYc,05jbNkYoEQdjVDHEHtg1gY,"Don't Forget About Me, Demos",album,2018-10-16,2018,2806,1.6326666666666667,False,1,False,https://i.scdn.co/image/ab67616d0000b2737b1b6f41c1645af9757d5616,https://kworb.net/spotify/track/7yNf9YjeO5JXUE3JEBgnYc.html
2026-06-22,IT,70,14,1dhMyPqkX3Q0PvlLyUFSvI,M'AMA NON M'AMA,Madame,77558,0.004863327016572295,11327,374342,374342,4,23,Top 100,62Fhtd4RS4ZJFeuIflGKyg,https://open.spotify.com/track/62Fhtd4RS4ZJFeuIflGKyg,3AtmmwCyWNlimeMrEC8rq7,M'AMA NON M'AMA,single,2026-06-18,2026,4,2.5433,True,1,False,https://i.scdn.co/image/ab67616d0000b27350586a7401ee494fc8f47a08,https://kworb.net/spotify/track/1dhMyPqkX3Q0PvlLyUFSvI.html
2026-06-22,IT,71,-11,6VNXmo59yDYgcwLS17UNAW,CAFé CON RON,"Bad Bunny, Los Pleneros de la Cresta",77088,0.004833855347656272,-8490,606750,11938125,157,42,Top 100,6VNXmo59yDYgcwLS17UNAW,https://open.spotify.com/track/6VNXmo59yDYgcwLS17UNAW,5K79FLRUCSysQnVESLcTdb,DeBÍ TiRAR MáS FOToS,album,2025-01-05,2025,533,3.8139333333333334,False,2,True,https://i.scdn.co/image/ab67616d0000b273bbd45c8d36e0e045ef640411,https://kworb.net/spotify/track/6VNXmo59yDYgcwLS17UNAW.html
2026-06-22,IT,72,10,4MR5DmTbTZUA9asyyUmJgP,PIENXA EN MI,"Feid, Sfera Ebbasta",76662,0.004807142728596216,9500,560690,953570,11,43,Top 100,4MR5DmTbTZUA9asyyUmJgP,https://open.spotify.com/track/4MR5DmTbTZUA9asyyUmJgP,5w4WlFG5HhXOichH3hwKPH,EL MOCO VERDE,single,2026-06-12,2026,10,2.8962333333333334,True,2,True,https://i.scdn.co/image/ab67616d0000b2735c72961c9ad2bfe912fb56c3,https://kworb.net/spotify/track/4MR5DmTbTZUA9asyyUmJgP.html
2026-06-22,IT,73,-3,7MMJa7cjMadOSR6CFWvB1x,La musica non c'è,Coez,76517,0.00479805040520723,-204,580287,165370125,2154,1,Top 100,6cBM8x7RVG06MAkwP3JMvX,https://open.spotify.com/track/6cBM8x7RVG06MAkwP3JMvX,3s3ThjVMEWRqXV8b4H6sy4,Faccio un casino,album,2017-05-05,2017,3335,3.713233333333333,False,1,False,https://i.scdn.co/image/ab67616d0000b273061bf53ff7abeb2e89429bdf,https://kworb.net/spotify/track/7MMJa7cjMadOSR6CFWvB1x.html
2026-06-22,IT,74,0,3C0nOe05EIt1390bVABLyN,On The Floor,"Jennifer Lopez, Pitbull",74894,0.004696279088929131,3400,568291,3333739,35,34,Top 100,3C0nOe05EIt1390bVABLyN,https://open.spotify.com/track/3C0nOe05EIt1390bVABLyN,3sysiYphqNRQw7VKLCg1yE,Love?,album,2011-04-29,2011,5533,4.747766666666666,False,2,True,https://i.scdn.co/image/ab67616d0000b273d7b2aa3834b82b1cbe899a48,https://kworb.net/spotify/track/3C0nOe05EIt1390bVABLyN.html
2026-06-22,IT,75,1,46w75NfLpau9juuoeiY3ZM,COME SE NON FOSSI NEI GUAI,"Sfera Ebbasta, Shiva",73631,0.004617081816927135,3276,538527,33786829,373,10,Top 100,46w75NfLpau9juuoeiY3ZM,https://open.spotify.com/track/46w75NfLpau9juuoeiY3ZM,71agI93AilqukvHURp6tGy,SANTANA MONEY GANG,album,2025-04-10,2025,438,3.4993666666666665,True,2,True,https://i.scdn.co/image/ab67616d0000b273d6cdd0e09df54245b00fa9c6,https://kworb.net/spotify/track/46w75NfLpau9juuoeiY3ZM.html
2026-06-22,IT,76,-3,4Z43nMEiOiNeDrqu2BN0JD,La tua canzone,Coez,73317,0.004597392233864089,696,536255,60960325,795,13,Top 100,17ctLiAYSfZkL8ksjtSchO,https://open.spotify.com/track/17ctLiAYSfZkL8ksjtSchO,5IMzuX8ITydV8NBq10xG2T,È sempre bello,album,2019-03-29,2019,2642,3.2006666666666668,False,1,False,https://i.scdn.co/image/ab67616d0000b2735ae8c639d8e9c6c2a02989a2,https://kworb.net/spotify/track/4Z43nMEiOiNeDrqu2BN0JD.html
2026-06-22,IT,77,-2,28v57vssZ488EEIBivY3NF,Ogni Male,Capo Plaza,72639,0.004554877783810761,2089,537152,18141111,235,17,Top 100,28v57vssZ488EEIBivY3NF,https://open.spotify.com/track/28v57vssZ488EEIBivY3NF,4BmvCSV4ZqsnyAcQQQnv0S,Hustle Mixtape Vol. 2,album,2025-10-31,2025,234,3.4538333333333333,True,1,False,https://i.scdn.co/image/ab67616d0000b27361e1eb765192dae01672b56a,https://kworb.net/spotify/track/28v57vssZ488EEIBivY3NF.html
2026-06-22,IT,78,26,1XzHasEgB7QoXXtoD3sUKY,E Allora,"G.Mineiro, Flatpearl, Succo",70240,0.00440444686098195,9140,488661,1156142,17,70,Top 100,1XzHasEgB7QoXXtoD3sUKY,https://open.spotify.com/track/1XzHasEgB7QoXXtoD3sUKY,3vAjsYdC3b1kYWqmZaM4sd,È O G.,album,2026-06-04,2026,18,1.8615333333333333,True,3,True,https://i.scdn.co/image/ab67616d0000b27307bdc873725e7084d79d693f,https://kworb.net/spotify/track/1XzHasEgB7QoXXtoD3sUKY.html
2026-06-22,IT,79,29,6bOwCTgqiUIEuGNdwTDpi5,CHROME HEARTS,"Astro, Nerissima Serpe",69473,0.00435635160553814,9950,474516,774544,11,53,Top 100,6bOwCTgqiUIEuGNdwTDpi5,https://open.spotify.com/track/6bOwCTgqiUIEuGNdwTDpi5,3mFxzu5rkiqHh8P6xqJc7B,WAR,album,2026-06-12,2026,10,2.7333333333333334,True,2,True,https://i.scdn.co/image/ab67616d0000b2730a9af73ab167cd5aac3c1709,https://kworb.net/spotify/track/6bOwCTgqiUIEuGNdwTDpi5.html
2026-06-22,IT,80,7,4oMiCgeROySnMbUDwH9lt3,V per Vangelo,Shiva,69372,0.004350018332005123,3823,529477,11156448,74,1,Top 100,4oMiCgeROySnMbUDwH9lt3,https://open.spotify.com/track/4oMiCgeROySnMbUDwH9lt3,2gqFeF2xx9zMEwUWRc5UK4,Vangelo,album,2026-04-10,2026,73,3.4888833333333333,True,1,False,https://i.scdn.co/image/ab67616d0000b273106c24b2e7323189f68e8a4c,https://kworb.net/spotify/track/4oMiCgeROySnMbUDwH9lt3.html
2026-06-22,IT,81,0,6zjlQ39iHKMaPcY9Fz4d9e,Halo,"Samurai Jay, Vito Salamanca",68790,0.004313523627092089,1261,524908,48383775,343,3,Top 100,6zjlQ39iHKMaPcY9Fz4d9e,https://open.spotify.com/track/6zjlQ39iHKMaPcY9Fz4d9e,4t5euIQosseN76E6f3b8NF,Halo,single,2025-06-13,2025,374,2.2992,False,2,True,https://i.scdn.co/image/ab67616d0000b2735dd97ee52973b7230b4b7a95,https://kworb.net/spotify/track/6zjlQ39iHKMaPcY9Fz4d9e.html
2026-06-22,IT,82,4,3qhlB30KknSejmIvZZLjOD,End of Beginning,Djo,68592,0.004301107902740232,2985,502918,39870996,334,1,Top 100,3qhlB30KknSejmIvZZLjOD,https://open.spotify.com/track/3qhlB30KknSejmIvZZLjOD,4JDXBZdRPId4devseaAOKH,DECIDE,album,2022-09-16,2022,1375,2.6540833333333333,False,1,False,https://i.scdn.co/image/ab67616d0000b273fddfffec51b4580acae727c1,https://kworb.net/spotify/track/3qhlB30KknSejmIvZZLjOD.html
2026-06-22,IT,83,-6,16mdISuTFms1vnxc8gXyQu,Esibizionista,Annalisa,67359,0.004223791801094578,-2606,515248,25498302,256,9,Top 100,1yRZWM2G4rN3wu1Sx2oGlb,https://open.spotify.com/track/1yRZWM2G4rN3wu1Sx2oGlb,5CZNj3Q2W3mOnK4n71zq9C,MA IO SONO FUOCO,album,2025-10-10,2025,255,3.45,False,1,False,https://i.scdn.co/image/ab67616d0000b273f34a244e1db435c40720d9d2,https://kworb.net/spotify/track/16mdISuTFms1vnxc8gXyQu.html
2026-06-22,IT,84,12,49j6SvuvWfbEKZKzsHCdLJ,stupid song,Olivia Rodrigo,67193,0.004213382658456152,4493,516406,920009,11,25,Top 100,4LfCY65LvojKjWEnU7fNN4,https://open.spotify.com/track/4LfCY65LvojKjWEnU7fNN4,3WZZF72ihlKPZBS4zSsNHl,you seem pretty sad for a girl so in love,album,2026-06-12,2026,10,3.494666666666667,False,1,False,https://i.scdn.co/image/ab67616d0000b2735cf234eeb7a2edf44bf64a46,https://kworb.net/spotify/track/49j6SvuvWfbEKZKzsHCdLJ.html
2026-06-22,IT,85,17,4X4R6qsIicxIQIFbnDcJLO,Scarabocchi,"Olly, Juli",66727,0.004184161812254308,5103,433401,86608883,594,3,Top 100,4X4R6qsIicxIQIFbnDcJLO,https://open.spotify.com/track/4X4R6qsIicxIQIFbnDcJLO,4QpLnSupGsuYYJYYoj29Q7,TUTTA VITA,album,2024-10-25,2024,605,3.002283333333333,False,2,True,https://i.scdn.co/image/ab67616d0000b2739a9754efa9799615cf6045e9,https://kworb.net/spotify/track/4X4R6qsIicxIQIFbnDcJLO.html
2026-06-22,IT,86,-14,2UswOCldBaG2mp073YKkf0,Canzone Estiva,Annalisa,66450,0.0041667923392974164,-7169,511731,4239832,64,38,Top 100,0okR1YL51puEefZFTItVVR,https://open.spotify.com/track/0okR1YL51puEefZFTItVVR,0Kh1PxZEW7VJa84HBdjnNa,Canzone Estiva,single,2026-03-13,2026,101,3.3687833333333335,False,1,False,https://i.scdn.co/image/ab67616d0000b273f9a91a2ef78e9d2c60611d32,https://kworb.net/spotify/track/2UswOCldBaG2mp073YKkf0.html
2026-06-22,IT,87,7,6Qyc6fS4DsZjB2mRW9DsQs,Iris,The Goo Goo Dolls,65928,0.004134059975097067,2537,475912,31467337,504,48,Top 100,6Qyc6fS4DsZjB2mRW9DsQs,https://open.spotify.com/track/6Qyc6fS4DsZjB2mRW9DsQs,4UMjBXcRqIgMZ1XumU2x5T,Dizzy up the Girl,album,1998-01-01,1998,10399,4.82555,False,1,False,https://i.scdn.co/image/ab67616d0000b273eda9478c39a21e1cdc6609ca,https://kworb.net/spotify/track/6Qyc6fS4DsZjB2mRW9DsQs.html
2026-06-22,IT,88,26,7agE2kK4XZnjRrbwnVJV1T,Arricchiti,"22simba, Guè",65503,0.004107410061715556,6606,521862,983302,11,17,Top 100,7agE2kK4XZnjRrbwnVJV1T,https://open.spotify.com/track/7agE2kK4XZnjRrbwnVJV1T,5r8qz3XZd9YULzc47y8Nd5,Arricchiti (feat. Guè),single,2026-06-11,2026,11,2.5878,True,2,True,https://i.scdn.co/image/ab67616d0000b2733229760f6f277909f88d0710,https://kworb.net/spotify/track/7agE2kK4XZnjRrbwnVJV1T.html
2026-06-22,IT,89,11,2fqbBzhl01hcq6JRYoIo11,UN RICCO E UN POVERO,Geolier,65342,0.004097314447469854,3159,405949,5982008,50,6,Top 100,5tbxu15sktA6QVsrQOIk8M,https://open.spotify.com/track/5tbxu15sktA6QVsrQOIk8M,58OUscdI2nOUKFpoPlp2eb,TUTTO È POSSIBILE,album,2026-01-16,2026,157,3.278016666666667,False,1,False,https://i.scdn.co/image/ab67616d0000b2738f6566879ccbdbc90b4fc974,https://kworb.net/spotify/track/2fqbBzhl01hcq6JRYoIo11.html
2026-06-22,IT,90,3,5NX1BUQi3Z5r9koZVhU6kf,Introvabile,Bresh,64497,0.004044328149099555,920,491001,15468695,151,7,Top 100,1qzPNHULYNqlTDxZoOIytn,https://open.spotify.com/track/1qzPNHULYNqlTDxZoOIytn,1afcyvrWTSivDef7JDO0ot,Introvabile,single,2026-01-23,2026,150,2.9285666666666668,False,1,False,https://i.scdn.co/image/ab67616d0000b273beb9c31e5cbe50c5f7d9371d,https://kworb.net/spotify/track/5NX1BUQi3Z5r9koZVhU6kf.html
2026-06-22,IT,91,-11,0gkV0FyCdrJqwyrFW7NsEQ,Come mai,883,64325,0.004033542772389862,-3216,473350,24878999,407,63,Top 100,0gkV0FyCdrJqwyrFW7NsEQ,https://open.spotify.com/track/0gkV0FyCdrJqwyrFW7NsEQ,2g1UKV8THjSEhJjmCqOoWd,Nord Sud Ovest Est,album,1993-01-01,1993,12225,4.298666666666667,False,1,False,https://i.scdn.co/image/ab67616d0000b273243b73f0b9fd2500f491f5bf,https://kworb.net/spotify/track/0gkV0FyCdrJqwyrFW7NsEQ.html
2026-06-22,IT,92,18,0fR79MubHtwcEiGJzUw8Au,Polvere Rosa,Shiva,64053,0.004016486827825695,4637,479259,10385726,74,4,Top 100,0fR79MubHtwcEiGJzUw8Au,https://open.spotify.com/track/0fR79MubHtwcEiGJzUw8Au,2gqFeF2xx9zMEwUWRc5UK4,Vangelo,album,2026-04-10,2026,73,3.5884833333333335,True,1,False,https://i.scdn.co/image/ab67616d0000b273106c24b2e7323189f68e8a4c,https://kworb.net/spotify/track/0fR79MubHtwcEiGJzUw8Au.html
2026-06-22,IT,93,-10,4DnrAI8WyUY6gkOwl8GlPN,capaz (merengueton),"Alleh, Yorghaki",63710,0.003994978780084852,-2570,493230,56256026,527,10,Top 100,4DnrAI8WyUY6gkOwl8GlPN,https://open.spotify.com/track/4DnrAI8WyUY6gkOwl8GlPN,0sWJ3v0FROzcNzyjNYUs6t,LA CIUDAD,album,2024-12-24,2024,545,2.8976333333333333,False,2,True,https://i.scdn.co/image/ab67616d0000b2736abd0fcf50a20ac09a028c92,https://kworb.net/spotify/track/4DnrAI8WyUY6gkOwl8GlPN.html
2026-06-22,IT,94,32,6kfLv8uKJNS5DfodQAzpco,Blue,Tedua,63328,0.003971025210880765,7492,481875,3288912,32,15,Top 100,6kfLv8uKJNS5DfodQAzpco,https://open.spotify.com/track/6kfLv8uKJNS5DfodQAzpco,2U9mwmcJrUmkIpJm9gq8n7,RYAN TED,album,2026-05-22,2026,31,2.8750833333333334,True,1,False,https://i.scdn.co/image/ab67616d0000b273112a9d73a9662074bb98a086,https://kworb.net/spotify/track/6kfLv8uKJNS5DfodQAzpco.html
2026-06-22,IT,95,-3,4rDCRcln8WCHWPRt0YTFLs,MUCHACHA,"Aissa, Rvfv, Kreamly",62683,0.003930580048219412,-1130,478547,1129909,18,84,Top 100,4rDCRcln8WCHWPRt0YTFLs,https://open.spotify.com/track/4rDCRcln8WCHWPRt0YTFLs,3ATVZVuF9q5phfA8Fwl96O,MUCHACHA,single,2026-02-05,2026,137,3.2125,True,3,True,https://i.scdn.co/image/ab67616d0000b273bf3151af9c5e4d7c1de59ae9,https://kworb.net/spotify/track/4rDCRcln8WCHWPRt0YTFLs.html
2026-06-22,IT,96,-18,6WatFBLVB0x077xWeoVc2k,Si Antes Te Hubiera Conocido,KAROL G,62619,0.00392656688479255,-6106,497505,86090167,710,4,Top 100,6WatFBLVB0x077xWeoVc2k,https://open.spotify.com/track/6WatFBLVB0x077xWeoVc2k,5ylbxH7EqpsmHZCRuiYewS,Si Antes Te Hubiera Conocido,single,2024-06-21,2024,731,3.263733333333333,False,1,False,https://i.scdn.co/image/ab67616d0000b273491678beaffcefac517a699e,https://kworb.net/spotify/track/6WatFBLVB0x077xWeoVc2k.html
2026-06-22,IT,97,19,6DhMZVuD6TH0jd4bMNChCU,PER TE,Ernia,61924,0.0038829864382039616,3898,449735,37896866,277,2,Top 100,6DhMZVuD6TH0jd4bMNChCU,https://open.spotify.com/track/6DhMZVuD6TH0jd4bMNChCU,3ixf929ty0cKT46gJ0sJ9Y,PER SOLDI E PER AMORE,album,2025-09-18,2025,277,3.5822333333333334,False,1,False,https://i.scdn.co/image/ab67616d0000b273c1fc667f2f142100a44348e8,https://kworb.net/spotify/track/6DhMZVuD6TH0jd4bMNChCU.html
2026-06-22,IT,98,13,5qqabIl2vWzo9ApSC317sa,Wonderwall - Remastered,Oasis,61804,0.0038754617567785935,2404,310062,11499539,573,37,Top 100,7ygpwy2qP3NbrxVkHvUhXY,https://open.spotify.com/track/7ygpwy2qP3NbrxVkHvUhXY,6tOe4eAF8xNhEkl9WyvsE4,(What's The Story) Morning Glory? (Deluxe Remastered Edition),album,1995-01-01,1995,11495,4.312883333333334,False,1,False,https://i.scdn.co/image/ab67616d0000b2737a4c8c59851c88f6794c3cbf,https://kworb.net/spotify/track/5qqabIl2vWzo9ApSC317sa.html
2026-06-22,IT,99,7,0pxwzHAlnK86CIfDbbJLr4,Kriminal - Prod. by Roberto Ferrante,"Baby Gang, El Alfa, Omega, Roberto Ferrante",61686,0.003868062486710315,2002,456748,40151673,340,1,Top 100,0pxwzHAlnK86CIfDbbJLr4,https://open.spotify.com/track/0pxwzHAlnK86CIfDbbJLr4,64mzxfRIXYCm6NVj0NTefe,Kriminal (Prod. by Roberto Ferrante),single,2025-07-18,2025,339,3.1545833333333335,False,4,True,https://i.scdn.co/image/ab67616d0000b273b5664fc4700d1a24595116d0,https://kworb.net/spotify/track/0pxwzHAlnK86CIfDbbJLr4.html
2026-06-22,IT,100,-21,5pYy054Wcuj9CFdDIxZSVU,Menomale che c'è il mare,"Olly, Juli",61642,0.003865303436854347,-6171,464380,47210517,594,32,Top 100,5pYy054Wcuj9CFdDIxZSVU,https://open.spotify.com/track/5pYy054Wcuj9CFdDIxZSVU,5PdqPLG4hUzuLAWUDFaZap,"Gira, il mondo gira",album,2023-02-10,2023,1228,2.8973666666666666,False,2,True,https://i.scdn.co/image/ab67616d0000b2734743343cec324c534a99ca39,https://kworb.net/spotify/track/5pYy054Wcuj9CFdDIxZSVU.html
2026-06-22,IT,101,-12,2gI2IA7QGtzKZKuahon3W1,Amore Disperato,Achille Lauro,61437,0.003852448772752677,-3631,483692,76268480,638,5,Top 200,0h7djzQOTBHcNaKD8k449b,https://open.spotify.com/track/0h7djzQOTBHcNaKD8k449b,3tiuh424B3Leg8bxHc1Jv5,Comuni Mortali,album,2025-04-18,2025,430,3.148633333333333,False,1,False,https://i.scdn.co/image/ab67616d0000b273264663d274f67b13c4ae531e,https://kworb.net/spotify/track/2gI2IA7QGtzKZKuahon3W1.html
2026-06-22,IT,102,-4,6PtEfaLwNxmBtK4LX7Ffi6,1H,Geolier,61432,0.0038521352443599533,-887,463155,16575973,158,5,Top 200,6PtEfaLwNxmBtK4LX7Ffi6,https://open.spotify.com/track/6PtEfaLwNxmBtK4LX7Ffi6,58OUscdI2nOUKFpoPlp2eb,TUTTO È POSSIBILE,album,2026-01-16,2026,157,2.342783333333333,False,1,False,https://i.scdn.co/image/ab67616d0000b2738f6566879ccbdbc90b4fc974,https://kworb.net/spotify/track/6PtEfaLwNxmBtK4LX7Ffi6.html
2026-06-22,IT,103,2,7uu3YZytpYW15VIfa7ynJk,Niente Canzoni D'Amore - Inedito,"Marracash, Federica Abbate",61148,0.0038343268316532496,415,448534,39670259,838,8,Top 200,7uu3YZytpYW15VIfa7ynJk,https://open.spotify.com/track/7uu3YZytpYW15VIfa7ynJk,59i1dzyF8wpUTk3KJ5zNXq,"Status (Inediti, Rarità & Live)",album,2016-01-22,2016,3804,3.780133333333333,False,2,True,https://i.scdn.co/image/ab67616d0000b273bfff1cc3a4f34f0b59445642,https://kworb.net/spotify/track/7uu3YZytpYW15VIfa7ynJk.html
2026-06-22,IT,104,-16,14DFx4gDrW7b84MziUD6aM,Poesie Clandestine,"LDA, Aka 7even",60826,0.003814135603161846,-4547,472849,21597867,118,5,Top 200,730yruXTNk2KvXdbCNzXpR,https://open.spotify.com/track/730yruXTNk2KvXdbCNzXpR,1MMVWEgrIylF7v0er9IjWm,Poesie Clandestine,single,2026-02-25,2026,117,3.05555,False,2,True,https://i.scdn.co/image/ab67616d0000b273c3528a1f7556e36edb0b0cf8,https://kworb.net/spotify/track/14DFx4gDrW7b84MziUD6aM.html
2026-06-22,IT,105,-2,5bhYjElbPmm2FyB0PxP8Wd,Nessuna,Luchè,60679,0.0038049178684157704,-525,458181,58034875,403,1,Top 200,1ZOC7H5JfPtj8OW9lRz6pm,https://open.spotify.com/track/1ZOC7H5JfPtj8OW9lRz6pm,0zjgFMnfRoOd0meFbxIogc,Il mio lato peggiore,album,2025-05-16,2025,402,3.730566666666667,True,1,False,https://i.scdn.co/image/ab67616d0000b273c62c7920980cba87cda1867f,https://kworb.net/spotify/track/5bhYjElbPmm2FyB0PxP8Wd.html
2026-06-22,IT,106,18,3uExyCdMa9XfVuXpuYhod4,Push It,"Kid Yugi, ANNA",60574,0.0037983337721685735,4347,438348,25075670,172,1,Top 200,3uExyCdMa9XfVuXpuYhod4,https://open.spotify.com/track/3uExyCdMa9XfVuXpuYhod4,5QGyZ7xyZX8vrwI4DB6pvV,Anche gli Eroi Muoiono,album,2026-01-30,2026,143,2.91895,True,2,True,https://i.scdn.co/image/ab67616d0000b27361d90e6750f76fe0ad95befe,https://kworb.net/spotify/track/3uExyCdMa9XfVuXpuYhod4.html
2026-06-22,IT,107,11,1XpmMe95dk9jh3zuOMpeU2,Capri Sun,Capo Plaza,60477,0.0037922513213497345,2669,489211,140787650,1159,2,Top 200,1XpmMe95dk9jh3zuOMpeU2,https://open.spotify.com/track/1XpmMe95dk9jh3zuOMpeU2,6LmhYmD5q0vflzqQhkfeN1,Hustle Mixtape,album,2022-06-03,2022,1480,3.328,True,1,False,https://i.scdn.co/image/ab67616d0000b273b7f751e1f4c492ab41c9d9d3,https://kworb.net/spotify/track/1XpmMe95dk9jh3zuOMpeU2.html
2026-06-22,IT,108,13,00URgxWgyVoybGLhhmKr7g,Tu Me Quieres - Prod. by Higashi x Roberto Ferrante,"Baby Gang, Omega, Higashi, Roberto Ferrante",60421,0.00378873980335123,2780,459741,63515546,615,9,Top 200,00URgxWgyVoybGLhhmKr7g,https://open.spotify.com/track/00URgxWgyVoybGLhhmKr7g,7DCQMEasHZn2y5VHAmSlBF,Tu Me Quieres,single,2024-09-13,2024,647,3.5714166666666665,False,4,True,https://i.scdn.co/image/ab67616d0000b273425ff4d7d6105cc5be872dca,https://kworb.net/spotify/track/00URgxWgyVoybGLhhmKr7g.html
2026-06-22,IT,109,-19,4hFDFmMnSYZ32ssqNUOCjt,Magnetic,The Bausa,59902,0.003756195556186514,-4112,468336,1564830,26,85,Top 200,4hFDFmMnSYZ32ssqNUOCjt,https://open.spotify.com/track/4hFDFmMnSYZ32ssqNUOCjt,5spP5OwikL076tVBuw7gb8,Magnetic / Addicted To Your Love,single,2026-02-27,2026,115,3.023066666666667,False,1,False,https://i.scdn.co/image/ab67616d0000b273158cbe80b9b9573b46d2b50f,https://kworb.net/spotify/track/4hFDFmMnSYZ32ssqNUOCjt.html
2026-06-22,IT,110,-13,1k3pzheXrbtHgvvOsQeMkU,Che fastidio!,Ditonellapiaga,59814,0.0037506774564745778,-2696,465869,23958735,118,3,Top 200,1k3pzheXrbtHgvvOsQeMkU,https://open.spotify.com/track/1k3pzheXrbtHgvvOsQeMkU,1sIUqfQsBmRIlSmhDnkB0u,Che fastidio!,single,2026-02-25,2026,117,3.23845,False,1,False,https://i.scdn.co/image/ab67616d0000b27357fc29e972e43683bc409cd1,https://kworb.net/spotify/track/1k3pzheXrbtHgvvOsQeMkU.html
2026-06-22,IT,111,54,7z3PblAN3dH1JMewiRydkZ,GIRLS,The Kid LAROI,59308,0.0037189483831309433,9873,450572,1148381,18,83,Top 200,7z3PblAN3dH1JMewiRydkZ,https://open.spotify.com/track/7z3PblAN3dH1JMewiRydkZ,17R63Sb8OrPikc2R4mlpdC,GIRLS,single,2024-06-28,2024,724,2.54965,True,1,False,https://i.scdn.co/image/ab67616d0000b273c8af7237bb25ad59488944c1,https://kworb.net/spotify/track/7z3PblAN3dH1JMewiRydkZ.html
2026-06-22,IT,112,-27,4A56h4B9xUuMMXoKuj18HT,Edge of Desire,"Jonas Blue, Malive",59294,0.003718070503631317,-6413,464655,3389936,57,78,Top 200,4A56h4B9xUuMMXoKuj18HT,https://open.spotify.com/track/4A56h4B9xUuMMXoKuj18HT,53b1lFTsC7lV3pieOFYZ9i,Edge of Desire,single,2025-07-18,2025,339,2.2484166666666665,False,2,True,https://i.scdn.co/image/ab67616d0000b2736d69d34ade62de08bff530ca,https://kworb.net/spotify/track/4A56h4B9xUuMMXoKuj18HT.html
2026-06-22,IT,113,54,2kZV7d0A4BIN5I8iFBnbqp,16 Marzo,"Achille Lauro, Gow Tribe",59268,0.003716440155989154,9875,432665,48793736,688,3,Top 200,2kZV7d0A4BIN5I8iFBnbqp,https://open.spotify.com/track/2kZV7d0A4BIN5I8iFBnbqp,0zMH1I8EZPPGYAzxZ9H0gU,1969 - Achille Idol Rebirth,album,2020-09-25,2020,2096,3.8915333333333333,False,2,True,https://i.scdn.co/image/ab67616d0000b273bf803cb00dd8eadd0a98b28f,https://kworb.net/spotify/track/2kZV7d0A4BIN5I8iFBnbqp.html
2026-06-22,IT,114,1,6J5kc12BW5HuP3d7C3vvx8,EoO,Bad Bunny,59018,0.0037007637363529714,655,460070,26842820,367,13,Top 200,6J5kc12BW5HuP3d7C3vvx8,https://open.spotify.com/track/6J5kc12BW5HuP3d7C3vvx8,5K79FLRUCSysQnVESLcTdb,DeBÍ TiRAR MáS FOToS,album,2025-01-05,2025,533,3.4128,True,1,False,https://i.scdn.co/image/ab67616d0000b273bbd45c8d36e0e045ef640411,https://kworb.net/spotify/track/6J5kc12BW5HuP3d7C3vvx8.html
2026-06-22,IT,115,2,347HJzwbn0cmrxJUmAXj5c,MAI PER SEMPRE,"Geolier, Dardust",58988,0.0036988825659966295,1017,415823,11626461,172,29,Top 200,347HJzwbn0cmrxJUmAXj5c,https://open.spotify.com/track/347HJzwbn0cmrxJUmAXj5c,6zm0N3GCyTiHOD7V5i8TZQ,DIO LO SA - ATTO II,album,2024-11-22,2024,577,3.6673833333333334,False,2,True,https://i.scdn.co/image/ab67616d0000b273e76cba16da2dd7b52ed3577d,https://kworb.net/spotify/track/347HJzwbn0cmrxJUmAXj5c.html
2026-06-22,IT,116,6,1V8SElaiJmR7SJiGELr6Rc,Peccati,Shiva,58862,0.003690981650499993,2159,461143,9822258,74,7,Top 200,1V8SElaiJmR7SJiGELr6Rc,https://open.spotify.com/track/1V8SElaiJmR7SJiGELr6Rc,2gqFeF2xx9zMEwUWRc5UK4,Vangelo,album,2026-04-10,2026,73,3.2000166666666665,True,1,False,https://i.scdn.co/image/ab67616d0000b273106c24b2e7323189f68e8a4c,https://kworb.net/spotify/track/1V8SElaiJmR7SJiGELr6Rc.html
2026-06-22,IT,117,-22,6ifUES3keWjwXgae8pXI3o,Me Rehúso,Danny Ocean,58818,0.003688222600644025,-4100,473602,41572990,761,4,Top 200,6ifUES3keWjwXgae8pXI3o,https://open.spotify.com/track/6ifUES3keWjwXgae8pXI3o,3pHFjWCK7d5YLtEuFwfR5N,54+1,album,2019-03-22,2019,2649,3.4285666666666668,False,1,False,https://i.scdn.co/image/ab67616d0000b273d8243a13e6f41310a5fa7b96,https://kworb.net/spotify/track/6ifUES3keWjwXgae8pXI3o.html
2026-06-22,IT,118,-6,78F6s5j8febWk0ICOAIxjM,FOTOGRAFIA,Geolier,58804,0.0036873447211443985,-470,431195,32257463,228,1,Top 200,09tzv8qfDEXeQsOMx5SUAk,https://open.spotify.com/track/09tzv8qfDEXeQsOMx5SUAk,58OUscdI2nOUKFpoPlp2eb,TUTTO È POSSIBILE,album,2026-01-16,2026,157,3.7461166666666665,True,1,False,https://i.scdn.co/image/ab67616d0000b2738f6566879ccbdbc90b4fc974,https://kworb.net/spotify/track/78F6s5j8febWk0ICOAIxjM.html
2026-06-22,IT,119,33,3M5e1yWYMKQPE0IUePwdBt,QUESTA INSENSATA VOGLIA DI TE,Ultimo,58405,0.003662325155405051,7350,263938,2733137,32,4,Top 200,3M5e1yWYMKQPE0IUePwdBt,https://open.spotify.com/track/3M5e1yWYMKQPE0IUePwdBt,6v8Dh5jr3ykfLoBPvZKrmj,QUESTA INSENSATA VOGLIA DI TE,single,2026-04-29,2026,54,3.4771,False,1,False,https://i.scdn.co/image/ab67616d0000b27366f37f0953e6f6821a9f78ff,https://kworb.net/spotify/track/3M5e1yWYMKQPE0IUePwdBt.html
2026-06-22,IT,120,19,1lslS1hUsIvAScXvWVTLt2,INTRO (La Bella Vita),Artie 5ive,58255,0.003652919303623341,5066,435427,30061958,412,9,Top 200,1lslS1hUsIvAScXvWVTLt2,https://open.spotify.com/track/1lslS1hUsIvAScXvWVTLt2,2NBjD7HfilmlALNet5aPFH,LA BELLAVITA,album,2025-03-28,2025,451,3.527433333333333,True,1,False,https://i.scdn.co/image/ab67616d0000b2739e03e651e481bb0b5fb14b7a,https://kworb.net/spotify/track/1lslS1hUsIvAScXvWVTLt2.html
2026-06-22,IT,121,14,7yq4Qj7cqayVTp3FF9CWbm,Riptide,Vance Joy,58237,0.0036517906014095357,3743,417715,25997733,1048,13,Top 200,2uXlHCUbq9OMUwx3hrk06o,https://open.spotify.com/track/2uXlHCUbq9OMUwx3hrk06o,2biVG6BYnVVSwLYd1OjbPT,Dream Your Life Away (Deluxe Edition),album,2014-08-05,2014,4339,3.4046666666666665,False,1,False,https://i.scdn.co/image/ab67616d0000b27305d081cbdc2f67d37a364d63,https://kworb.net/spotify/track/7yq4Qj7cqayVTp3FF9CWbm.html
2026-06-22,IT,122,-9,4ZAjcfbt84O79SGc0jWqu7,ITALIA STARTER PACK,J-AX,57820,0.003625642333456383,-1150,441637,17086529,118,9,Top 200,4ZAjcfbt84O79SGc0jWqu7,https://open.spotify.com/track/4ZAjcfbt84O79SGc0jWqu7,4M05X6484OBedfXnueiugs,ITALIA STARTER PACK,single,2026-02-25,2026,117,2.8396,False,1,False,https://i.scdn.co/image/ab67616d0000b273e0ed7743fb9034a663e195cd,https://kworb.net/spotify/track/4ZAjcfbt84O79SGc0jWqu7.html
2026-06-22,IT,123,-16,3l4KzIHsh002W3evllH3EF,Incoscienti Giovani,Achille Lauro,57426,0.0036009362961097586,-2207,458198,84559714,496,2,Top 200,3l4KzIHsh002W3evllH3EF,https://open.spotify.com/track/3l4KzIHsh002W3evllH3EF,3tiuh424B3Leg8bxHc1Jv5,Comuni Mortali,album,2025-04-18,2025,430,3.4135166666666668,False,1,False,https://i.scdn.co/image/ab67616d0000b273264663d274f67b13c4ae531e,https://kworb.net/spotify/track/3l4KzIHsh002W3evllH3EF.html
2026-06-22,IT,124,-4,7EFFg3umzGzCnOIHG6Fr6V,Bossa Nostra,Gaia,57287,0.0035922202067920407,-383,414185,1700884,31,113,Top 200,7EFFg3umzGzCnOIHG6Fr6V,https://open.spotify.com/track/7EFFg3umzGzCnOIHG6Fr6V,3jCG9BHzeIC5m4ifWQozsS,Bossa Nostra,single,2026-05-01,2026,52,3.2807666666666666,False,1,False,https://i.scdn.co/image/ab67616d0000b273418d5ec9d002ad8ff54cc6ce,https://kworb.net/spotify/track/7EFFg3umzGzCnOIHG6Fr6V.html
2026-06-22,IT,125,3,1VsUaDLGDWdaITdEB8BZmY,Comuni Immortali,Achille Lauro,57010,0.0035748507338351503,1578,445665,2770853,46,78,Top 200,1VsUaDLGDWdaITdEB8BZmY,https://open.spotify.com/track/1VsUaDLGDWdaITdEB8BZmY,2fip0ycNIWi34aIEaderBP,Comuni Immortali,album,2026-04-17,2026,66,3.46385,False,1,False,https://i.scdn.co/image/ab67616d0000b273d486121d31133e11814c4e29,https://kworb.net/spotify/track/1VsUaDLGDWdaITdEB8BZmY.html
2026-06-22,IT,126,-3,1JSTJqkT5qHq8MDJnJbRE1,Every Breath You Take,The Police,56764,0.0035594251369131464,382,408889,39384079,574,17,Top 200,1JSTJqkT5qHq8MDJnJbRE1,https://open.spotify.com/track/1JSTJqkT5qHq8MDJnJbRE1,5W9OT0a5iZlBr83a9WMKFY,Synchronicity (Remastered 2003),album,1983-06-17,1983,15711,4.232,False,1,False,https://i.scdn.co/image/ab67616d0000b273c8e97cafeb2acb85b21a777e,https://kworb.net/spotify/track/1JSTJqkT5qHq8MDJnJbRE1.html
2026-06-22,IT,127,7,5W5lGzvUR9jWQ7kyz9rr4T,TUTTO È POSSIBILE,"Geolier, Pino Daniele",56616,0.003550144696488526,2110,403502,6891856,67,4,Top 200,12vvDeeBjp9gGqPIVeJq8B,https://open.spotify.com/track/12vvDeeBjp9gGqPIVeJq8B,58OUscdI2nOUKFpoPlp2eb,TUTTO È POSSIBILE,album,2026-01-16,2026,157,3.1307833333333335,False,2,True,https://i.scdn.co/image/ab67616d0000b2738f6566879ccbdbc90b4fc974,https://kworb.net/spotify/track/5W5lGzvUR9jWQ7kyz9rr4T.html
2026-06-22,IT,128,33,720PSWBbm4UVzHdxRJeqZY,IO NON SO,Ultimo,56537,0.003545190947883492,6715,272223,272223,4,58,Top 200,720PSWBbm4UVzHdxRJeqZY,https://open.spotify.com/track/720PSWBbm4UVzHdxRJeqZY,7Hww6TqaOQMRjWJSNqVyyY,IL GIORNO CHE ASPETTAVO,album,2026-06-19,2026,3,2.36,False,1,False,https://i.scdn.co/image/ab67616d0000b273ec2b58c5dbabf8745c701799,https://kworb.net/spotify/track/720PSWBbm4UVzHdxRJeqZY.html
2026-06-22,IT,129,15,55lijDD6OAjLFFUHU9tcDm,WHERE IS MY HUSBAND!,RAYE,56522,0.003544250362705321,4384,417819,19275303,246,33,Top 200,55lijDD6OAjLFFUHU9tcDm,https://open.spotify.com/track/55lijDD6OAjLFFUHU9tcDm,01sqwTOTrN9gaYQc1rr6Zw,WHERE IS MY HUSBAND!,single,2025-09-19,2025,276,3.2857,False,1,False,https://i.scdn.co/image/ab67616d0000b2736ac3c7938191585c53c8180d,https://kworb.net/spotify/track/55lijDD6OAjLFFUHU9tcDm.html
2026-06-22,IT,130,39,1SWUq0qtTSDRGrDtgq7POw,DARKMONEY,"Pyrex, Sfera Ebbasta",56407,0.003537039209672677,7203,395909,14923247,130,1,Top 200,1SWUq0qtTSDRGrDtgq7POw,https://open.spotify.com/track/1SWUq0qtTSDRGrDtgq7POw,4oJZFEKPVLVViFlG5VnAhN,KING OF DARK,album,2026-02-13,2026,129,2.7670833333333333,True,2,True,https://i.scdn.co/image/ab67616d0000b273bc46258c61df24809b76d98f,https://kworb.net/spotify/track/1SWUq0qtTSDRGrDtgq7POw.html
2026-06-22,IT,131,-32,0xju4u3DFjOy1fhITDPZ6B,Depresso fortunato,"Olly, Juli",55913,0.0035060626044715795,-6398,359107,40621032,360,7,Top 200,5UXotYusy46OR618x3J5w1,https://open.spotify.com/track/5UXotYusy46OR618x3J5w1,08SB1CgIS0yVIH7ZV99I6f,TUTTA VITA (SEMPRE),album,2025-09-26,2025,269,3.5358,False,2,True,https://i.scdn.co/image/ab67616d0000b2736752cb3279906514dd04c8aa,https://kworb.net/spotify/track/0xju4u3DFjOy1fhITDPZ6B.html
2026-06-22,IT,132,10,5XOhmBwIBhaj5jg2ZIvRMI,A NAPOLI NON PIOVE,Geolier,55793,0.003498537923046212,3131,383407,6793226,91,15,Top 200,5XOhmBwIBhaj5jg2ZIvRMI,https://open.spotify.com/track/5XOhmBwIBhaj5jg2ZIvRMI,58OUscdI2nOUKFpoPlp2eb,TUTTO È POSSIBILE,album,2026-01-16,2026,157,4.247433333333333,False,1,False,https://i.scdn.co/image/ab67616d0000b2738f6566879ccbdbc90b4fc974,https://kworb.net/spotify/track/5XOhmBwIBhaj5jg2ZIvRMI.html
2026-06-22,IT,133,-42,3qtuOAI0YyfoBM1s7Tvm46,La Nuova Stella Di Broadway,Cesare Cremonini,55609,0.0034870000781939813,-8282,478824,71304275,1147,37,Top 200,3qtuOAI0YyfoBM1s7Tvm46,https://open.spotify.com/track/3qtuOAI0YyfoBM1s7Tvm46,3OpmNTT7hIZMoO9NNcKnmz,La Teoria Dei Colori,album,2012-01-01,2012,5286,4.462433333333333,False,1,False,https://i.scdn.co/image/ab67616d0000b27322ae5b5ba67f6f218b5f3e34,https://kworb.net/spotify/track/3qtuOAI0YyfoBM1s7Tvm46.html
2026-06-22,IT,134,-25,07qo9gnLM488CUr0EtgIA1,Poetica,Cesare Cremonini,55379,0.0034725777721286927,-4071,454541,57899270,924,3,Top 200,07qo9gnLM488CUr0EtgIA1,https://open.spotify.com/track/07qo9gnLM488CUr0EtgIA1,1tcX4ysSZEeMMshVVbkkDa,Possibili Scenari,album,2017-11-24,2017,3132,4.899333333333334,False,1,False,https://i.scdn.co/image/ab67616d0000b27312d5ab24a8b636d56d3e39e9,https://kworb.net/spotify/track/07qo9gnLM488CUr0EtgIA1.html
2026-06-22,IT,135,6,3MCoJ2yjtBmL1CWkBpdYyJ,OLÈ,"Geolier, Kid Yugi",54918,0.003443670454319572,2234,393401,16837589,158,2,Top 200,3MCoJ2yjtBmL1CWkBpdYyJ,https://open.spotify.com/track/3MCoJ2yjtBmL1CWkBpdYyJ,58OUscdI2nOUKFpoPlp2eb,TUTTO È POSSIBILE,album,2026-01-16,2026,157,3.089733333333333,True,2,True,https://i.scdn.co/image/ab67616d0000b2738f6566879ccbdbc90b4fc974,https://kworb.net/spotify/track/3MCoJ2yjtBmL1CWkBpdYyJ.html
2026-06-22,IT,136,32,5HVFs7yWSDpUJoFHNdyEb3,Scendo E Cerco Un’Altra,"G.Mineiro, Flatpearl, Succo",54744,0.0034327596662527883,5489,401498,1319525,20,66,Top 200,0qFzTGufPnqkI4GrAwXCg1,https://open.spotify.com/track/0qFzTGufPnqkI4GrAwXCg1,1g9x6zzynCJggRwNaeAExc,Scendo E Cerco Un’Altra,single,2026-04-24,2026,59,2.1515,True,3,True,https://i.scdn.co/image/ab67616d0000b27372392744c47a65a3b1467be5,https://kworb.net/spotify/track/5HVFs7yWSDpUJoFHNdyEb3.html
2026-06-22,IT,137,33,22skzmqfdWrjJylampe0kt,Can't Hold Us,"Macklemore & Ryan Lewis, Macklemore, Ryan Lewis, Ray Dalton",53877,0.003378393842954506,5052,397259,39861342,750,92,Top 200,22skzmqfdWrjJylampe0kt,https://open.spotify.com/track/22skzmqfdWrjJylampe0kt,5QWHes9ODwn42DHTifGkXd,The Heist,album,2012-10-09,2012,5004,4.307183333333334,False,4,True,https://i.scdn.co/image/ab67616d0000b2732a6b364528b128a4a17d100d,https://kworb.net/spotify/track/22skzmqfdWrjJylampe0kt.html
2026-06-22,IT,138,-7,21KdF0KGmSXmDBcif3XZd4,Dai che fai,Bresh,53747,0.003370242104743691,-1205,425762,21663758,277,25,Top 200,7sI41HmpIAwnJ1X7LmpjlN,https://open.spotify.com/track/7sI41HmpIAwnJ1X7LmpjlN,4k06f6YoESEJSz52yesIOX,Mediterraneo,album,2025-06-06,2025,381,3.343166666666667,False,1,False,https://i.scdn.co/image/ab67616d0000b2739791f57ba5b3843bda70c0fd,https://kworb.net/spotify/track/21KdF0KGmSXmDBcif3XZd4.html
2026-06-22,IT,139,-9,75Y6WgUldQN8mipAVLy8KJ,Quei ricordi là,"Olly, Juli",53745,0.0033701166933866014,-1208,331934,51712815,503,15,Top 200,75Y6WgUldQN8mipAVLy8KJ,https://open.spotify.com/track/75Y6WgUldQN8mipAVLy8KJ,4QpLnSupGsuYYJYYoj29Q7,TUTTA VITA,album,2024-10-25,2024,605,3.014266666666667,False,2,True,https://i.scdn.co/image/ab67616d0000b2739a9754efa9799615cf6045e9,https://kworb.net/spotify/track/75Y6WgUldQN8mipAVLy8KJ.html
2026-06-22,IT,140,14,1EVOcQcJeAbtmzmuYnI14C,Occhi color mare,"Olly, Juli",53726,0.0033689252854942515,2838,221112,8698864,97,8,Top 200,1EVOcQcJeAbtmzmuYnI14C,https://open.spotify.com/track/1EVOcQcJeAbtmzmuYnI14C,08SB1CgIS0yVIH7ZV99I6f,TUTTA VITA (SEMPRE),album,2025-09-26,2025,269,3.2664666666666666,False,2,True,https://i.scdn.co/image/ab67616d0000b2736752cb3279906514dd04c8aa,https://kworb.net/spotify/track/1EVOcQcJeAbtmzmuYnI14C.html
2026-06-22,IT,141,32,65NhK0RCouuwOg031RO9rl,CUORE DI PLASTICA,Ultimo,53690,0.0033666678810666414,5162,264969,264969,4,62,Top 200,65NhK0RCouuwOg031RO9rl,https://open.spotify.com/track/65NhK0RCouuwOg031RO9rl,7Hww6TqaOQMRjWJSNqVyyY,IL GIORNO CHE ASPETTAVO,album,2026-06-19,2026,3,3.5675666666666666,False,1,False,https://i.scdn.co/image/ab67616d0000b273ec2b58c5dbabf8745c701799,https://kworb.net/spotify/track/65NhK0RCouuwOg031RO9rl.html
2026-06-22,IT,142,15,5K9vZRUGLvnASW667N9bFb,QUALCOSA DI BELLO,Ultimo,53672,0.003365539178852836,2807,287960,287960,4,42,Top 200,5K9vZRUGLvnASW667N9bFb,https://open.spotify.com/track/5K9vZRUGLvnASW667N9bFb,7Hww6TqaOQMRjWJSNqVyyY,IL GIORNO CHE ASPETTAVO,album,2026-06-19,2026,3,3.0744333333333334,False,1,False,https://i.scdn.co/image/ab67616d0000b273ec2b58c5dbabf8745c701799,https://kworb.net/spotify/track/5K9vZRUGLvnASW667N9bFb.html
2026-06-22,IT,143,-6,7sh95K3HXkne9mVYDOIRWs,Completamente,Thegiornalisti,53501,0.0033548165078216867,-852,390637,11128752,415,55,Top 200,7sh95K3HXkne9mVYDOIRWs,https://open.spotify.com/track/7sh95K3HXkne9mVYDOIRWs,2UsIHnX2RaOOQVkpspAYDj,Completamente Sold Out,album,2016-10-21,2016,3531,3.6064333333333334,False,2,True,https://i.scdn.co/image/ab67616d0000b273ebcc0e1956fb93e0d3e13c24,https://kworb.net/spotify/track/7sh95K3HXkne9mVYDOIRWs.html
2026-06-22,IT,144,5,7lLSzMu2EKwIJ4co0sJSEe,PARLAR D’AMORE,"Sayf, Bresh",53098,0.00332954611936816,1382,432347,3882826,46,27,Top 200,7lLSzMu2EKwIJ4co0sJSEe,https://open.spotify.com/track/7lLSzMu2EKwIJ4co0sJSEe,0Ua2qdU4Z3xzdmcXFkDCgF,SANTISSIMO,album,2026-05-08,2026,45,3.6822166666666667,False,2,True,https://i.scdn.co/image/ab67616d0000b273a5c0891335314e40e309ae91,https://kworb.net/spotify/track/7lLSzMu2EKwIJ4co0sJSEe.html
2026-06-22,IT,145,13,3QjM7blH1a157YfP8G33TA,RATATA,Capo Plaza,53077,0.0033282293001187205,2315,395536,12573334,228,23,Top 200,3QjM7blH1a157YfP8G33TA,https://open.spotify.com/track/3QjM7blH1a157YfP8G33TA,5k3P92L8FfhP1n8ye6FotE,20 (Deluxe Edition),album,2018-11-30,2018,2761,3.5767166666666665,False,1,False,https://i.scdn.co/image/ab67616d0000b273b2396df413b2694c4a93d81a,https://kworb.net/spotify/track/3QjM7blH1a157YfP8G33TA.html
2026-06-22,IT,146,5,0RkFzXmEJzSv4Bu6YwZJx6,Maledetto me,Fulminacci,53076,0.003328166594440176,1826,385375,5416343,81,34,Top 200,0RkFzXmEJzSv4Bu6YwZJx6,https://open.spotify.com/track/0RkFzXmEJzSv4Bu6YwZJx6,0idasMxjLcTfRitXmkvJ93,CALCINACCI,album,2026-03-13,2026,101,2.9880666666666666,False,1,False,https://i.scdn.co/image/ab67616d0000b273ff26d9e6888e0a1ab315aa6a,https://kworb.net/spotify/track/0RkFzXmEJzSv4Bu6YwZJx6.html
2026-06-22,IT,147,-28,19DHPlTC2gx1j4jrFzNbwL,30ºC,ANNA,52961,0.0033209554414075316,-4747,395803,111854936,547,1,Top 200,19DHPlTC2gx1j4jrFzNbwL,https://open.spotify.com/track/19DHPlTC2gx1j4jrFzNbwL,4KakTQXezMez5owYFuGAF2,VERA BADDIE,album,2024-06-27,2024,725,2.376916666666667,True,1,False,https://i.scdn.co/image/ab67616d0000b273fb7329a6fb6154b1fa3704c7,https://kworb.net/spotify/track/19DHPlTC2gx1j4jrFzNbwL.html
2026-06-22,IT,148,-1,7ue5uvozLbamg0rjS65FeT,SEXY RAVE,"Fred De Palma, Baby Gang",52886,0.003316252515516677,1133,403146,25421710,234,14,Top 200,7ue5uvozLbamg0rjS65FeT,https://open.spotify.com/track/7ue5uvozLbamg0rjS65FeT,0Rqdxqcqq0wKQISWQwGLT1,SEXY RAVE (feat. Baby Gang),single,2025-04-11,2025,437,2.336,True,2,True,https://i.scdn.co/image/ab67616d0000b273d690b3baacf4199f53fb4f95,https://kworb.net/spotify/track/7ue5uvozLbamg0rjS65FeT.html
2026-06-22,IT,149,-4,0pjqXWOiT5xMh2ua6sq4dl,Così così,"Olly, Juli",52817,0.0033119258236970904,760,221339,15800394,156,2,Top 200,0pjqXWOiT5xMh2ua6sq4dl,https://open.spotify.com/track/0pjqXWOiT5xMh2ua6sq4dl,08SB1CgIS0yVIH7ZV99I6f,TUTTA VITA (SEMPRE),album,2025-09-26,2025,269,3.3223833333333332,False,2,True,https://i.scdn.co/image/ab67616d0000b2736752cb3279906514dd04c8aa,https://kworb.net/spotify/track/0pjqXWOiT5xMh2ua6sq4dl.html
2026-06-22,IT,150,25,43pI6fNu7Ukh6VFkE6oyLw,AVEVAMO CENT'ANNI,Ultimo,52650,0.00330145397538012,4182,260764,260764,4,65,Top 200,43pI6fNu7Ukh6VFkE6oyLw,https://open.spotify.com/track/43pI6fNu7Ukh6VFkE6oyLw,7Hww6TqaOQMRjWJSNqVyyY,IL GIORNO CHE ASPETTAVO,album,2026-06-19,2026,3,3.6333333333333333,False,1,False,https://i.scdn.co/image/ab67616d0000b273ec2b58c5dbabf8745c701799,https://kworb.net/spotify/track/43pI6fNu7Ukh6VFkE6oyLw.html
2026-06-22,IT,151,-22,2bT6QX29M7GLSuTDSirwaS,DÉSOLÉE,ANNA,52650,0.00330145397538012,-2423,378371,59242128,374,1,Top 200,2bT6QX29M7GLSuTDSirwaS,https://open.spotify.com/track/2bT6QX29M7GLSuTDSirwaS,14aEL5lLrcr9ohOnpdIeVi,DÉSOLÉE,single,2025-06-12,2025,375,2.65,True,1,False,https://i.scdn.co/image/ab67616d0000b273d1d098940f465aa6cbcabf42,https://kworb.net/spotify/track/2bT6QX29M7GLSuTDSirwaS.html
2026-06-22,IT,152,-14,6TWbY1dq8eYtFiMiGdBlOa,Free Your Mind,"Prospa, Cloonee",52621,0.003299635510702323,-635,386250,969867,18,135,Top 200,6TWbY1dq8eYtFiMiGdBlOa,https://open.spotify.com/track/6TWbY1dq8eYtFiMiGdBlOa,0uo2O3BcYrZJzCnHk0I0BU,Free Your Mind,single,2026-03-27,2026,87,3.361666666666667,False,2,True,https://i.scdn.co/image/ab67616d0000b27338974737cba5770d9dba1cd6,https://kworb.net/spotify/track/6TWbY1dq8eYtFiMiGdBlOa.html
2026-06-22,IT,153,19,6Ahg1hncxUdK0ICqU03BCu,Superclassico,Ernia,51889,0.0032537349540075794,3279,316615,138068423,1417,1,Top 200,6Ahg1hncxUdK0ICqU03BCu,https://open.spotify.com/track/6Ahg1hncxUdK0ICqU03BCu,3LXvt5r3boBy4sQQpxmsi9,Gemelli,album,2020-06-18,2020,2195,2.87,True,1,False,https://i.scdn.co/image/ab67616d0000b273820c0ed614ed30340ba38f28,https://kworb.net/spotify/track/6Ahg1hncxUdK0ICqU03BCu.html
2026-06-22,IT,154,26,7qjZnBKE73H4Oxkopwulqe,back to friends,sombr,51661,0.003239438059299381,4307,370262,31674483,397,29,Top 200,7qjZnBKE73H4Oxkopwulqe,https://open.spotify.com/track/7qjZnBKE73H4Oxkopwulqe,7mvXPtV4jvA1hp5Wx2FAJA,I Barely Know Her,album,2025-08-22,2025,304,3.3172,False,1,False,https://i.scdn.co/image/ab67616d0000b2734229702de91cb3d3a4383302,https://kworb.net/spotify/track/7qjZnBKE73H4Oxkopwulqe.html
2026-06-22,IT,155,-23,2a1o6ZejUi8U3wzzOtCOYw,Danza Kuduro,"Don Omar, Lucenzo",51598,0.0032354876015510624,-3331,389626,10730176,188,74,Top 200,2ynaRz7EuNbDrNrlr3QUjP,https://open.spotify.com/track/2ynaRz7EuNbDrNrlr3QUjP,1eoYupgvxWRBT6nHnAHjEQ,Emigrante Del Mundo (Remastered),album,2011-12-19,2011,5299,3.6058666666666666,False,2,True,https://i.scdn.co/image/ab67616d0000b273dd6b19d30e8b2531c625fbc4,https://kworb.net/spotify/track/2a1o6ZejUi8U3wzzOtCOYw.html
2026-06-22,IT,156,-55,5W1mx7Oeg2HxmASrth1nTt,Per sempre sì,Sal Da Vinci,51413,0.0032238870510202873,-10614,426729,24623576,118,1,Top 200,5W1mx7Oeg2HxmASrth1nTt,https://open.spotify.com/track/5W1mx7Oeg2HxmASrth1nTt,32HEGXJyQkqHh888V70rdu,Per sempre sì,single,2026-02-25,2026,117,2.9186833333333335,False,1,False,https://i.scdn.co/image/ab67616d0000b2739fee241bfd5d68e758b4e4e5,https://kworb.net/spotify/track/5W1mx7Oeg2HxmASrth1nTt.html
2026-06-22,IT,157,-30,6IdiuMw1FSAvU3e6bgWQVX,È sempre bello,Coez,51282,0.0032156726071309273,-4376,414044,103085450,1011,1,Top 200,4Wcrw9554hxM1Gk8Pl4Cyi,https://open.spotify.com/track/4Wcrw9554hxM1Gk8Pl4Cyi,5IMzuX8ITydV8NBq10xG2T,È sempre bello,album,2019-03-29,2019,2642,3.398,False,1,False,https://i.scdn.co/image/ab67616d0000b2735ae8c639d8e9c6c2a02989a2,https://kworb.net/spotify/track/6IdiuMw1FSAvU3e6bgWQVX.html
2026-06-22,IT,158,-18,362nbPmkrCtts9zhlLFfIR,UNA VITA FA,"Geolier, Shiva, MACE",51237,0.0032128508515964146,-1650,408940,12121009,145,14,Top 200,362nbPmkrCtts9zhlLFfIR,https://open.spotify.com/track/362nbPmkrCtts9zhlLFfIR,1bdXMUERNI9dwREDryk6C7,DIO LO SA,album,2024-06-07,2024,745,2.8591,False,3,True,https://i.scdn.co/image/ab67616d0000b273b68cc2f7d1956d743a7ee322,https://kworb.net/spotify/track/362nbPmkrCtts9zhlLFfIR.html
2026-06-22,IT,159,0,3w73qvCSGWPCx7w1UMIh6e,Lo So Che,Capo Plaza,51209,0.003211095092597162,,296866,39234686,544,14,Top 200,3w73qvCSGWPCx7w1UMIh6e,https://open.spotify.com/track/3w73qvCSGWPCx7w1UMIh6e,7g7002AcxLMerhLQEA8naR,FERITE (Deluxe Edition),album,2024-11-15,2024,584,3.0260833333333332,True,1,False,https://i.scdn.co/image/ab67616d0000b2737ade13538524e557ba8954c6,https://kworb.net/spotify/track/3w73qvCSGWPCx7w1UMIh6e.html
2026-06-22,IT,160,11,0O5KcmgOeEgublW6ySQ6Vc,Amelie,Kid Yugi,50675,0.003177610260254275,1947,251468,16506100,141,2,Top 200,0O5KcmgOeEgublW6ySQ6Vc,https://open.spotify.com/track/0O5KcmgOeEgublW6ySQ6Vc,5QGyZ7xyZX8vrwI4DB6pvV,Anche gli Eroi Muoiono,album,2026-01-30,2026,143,3.08005,True,1,False,https://i.scdn.co/image/ab67616d0000b27361d90e6750f76fe0ad95befe,https://kworb.net/spotify/track/0O5KcmgOeEgublW6ySQ6Vc.html
2026-06-22,IT,161,0,66umGLEmn0B3CFp1lBT7lN,Tutto a puttane,Bresh,50048,0.0031382937998067286,,285471,871360,15,79,Top 200,66umGLEmn0B3CFp1lBT7lN,https://open.spotify.com/track/66umGLEmn0B3CFp1lBT7lN,4OaPU3DM8Mr7yOnVPXeCuh,Mediterraneo (Dopo il Mare),album,2026-06-05,2026,17,3.2003666666666666,False,1,False,https://i.scdn.co/image/ab67616d0000b27313f95e59fc87aa92b6e63d70,https://kworb.net/spotify/track/66umGLEmn0B3CFp1lBT7lN.html
2026-06-22,IT,162,31,4WFgvKVfEhb3IUAFGrutTR,Love Me Not,Ravyn Lenae,49952,0.003132274054666434,3683,360028,5992484,116,126,Top 200,4WFgvKVfEhb3IUAFGrutTR,https://open.spotify.com/track/4WFgvKVfEhb3IUAFGrutTR,1uE3dRPe3SrGdNhd1nWlSa,Bird's Eye,album,2024-08-09,2024,682,3.5577666666666667,False,1,False,https://i.scdn.co/image/ab67616d0000b2730e62daaea2c7b94053e1c142,https://kworb.net/spotify/track/4WFgvKVfEhb3IUAFGrutTR.html
2026-06-22,IT,163,-20,5gTuH5Jl8PVUitsFzFslWu,Certe notti,Ligabue,49908,0.003129515004810466,-2579,397502,4763422,92,103,Top 200,5gTuH5Jl8PVUitsFzFslWu,https://open.spotify.com/track/5gTuH5Jl8PVUitsFzFslWu,3m8nR8iBBvwln3ziNW2QZ1,Buon compleanno Elvis [Remastered Version],album,1995-01-01,1995,11495,4.356633333333333,False,1,False,https://i.scdn.co/image/ab67616d0000b2736d6b8a01a80f084d6e35ccbb,https://kworb.net/spotify/track/5gTuH5Jl8PVUitsFzFslWu.html
2026-06-22,IT,164,20,7nRFsITVaSHko2Fw2Gcy59,Destri,Gazzelle,49874,0.0031273830117399455,2628,254135,177321389,2094,1,Top 200,4DmQmiGS1Xg2BtJ2sUYS5C,https://open.spotify.com/track/4DmQmiGS1Xg2BtJ2sUYS5C,5GKjDCxwhXCo7sRyjg6syj,OK,album,2021-02-12,2021,1956,3.0917166666666667,True,1,False,https://i.scdn.co/image/ab67616d0000b2738e7ffe7ec58d3f439fe5a0d8,https://kworb.net/spotify/track/7nRFsITVaSHko2Fw2Gcy59.html
2026-06-22,IT,165,-1,5tY8rR8cdFsQdBauMGB7nz,DONNE RICCHE - Acoustic Version,TonyPitony,49857,0.0031263170152046847,346,368196,32662321,196,2,Top 200,6gG8GZAscnEI9fqHvcu1QN,https://open.spotify.com/track/6gG8GZAscnEI9fqHvcu1QN,3qeuGcOLjfDGmMYIYJI4OU,PECCATO PER I TESTI (Acoustic Version),single,2025-12-04,2025,200,2.8666666666666667,True,1,False,https://i.scdn.co/image/ab67616d0000b27314f560a2fd915fb25a44667e,https://kworb.net/spotify/track/5tY8rR8cdFsQdBauMGB7nz.html
2026-06-22,IT,166,-6,0MLu1cFYL4ikdRTdasCQT9,M' Manc (con Geolier & Sfera Ebbasta),"Shablo, Geolier, Sfera Ebbasta",49789,0.003122053029063643,-288,365405,168096177,1645,1,Top 200,0MLu1cFYL4ikdRTdasCQT9,https://open.spotify.com/track/0MLu1cFYL4ikdRTdasCQT9,4LPEPv5dG2Cu5aceakd1cm,M' Manc (con Geolier & Sfera Ebbasta),single,2020-06-11,2020,2202,3.0,False,3,True,https://i.scdn.co/image/ab67616d0000b273521496cca18501a2ffeebfa9,https://kworb.net/spotify/track/0MLu1cFYL4ikdRTdasCQT9.html
2026-06-22,IT,167,30,6ErRedGqcOC4HmUEfUneiY,Dio Esiste,Shiva,49719,0.003117663631565512,3804,319966,7646407,73,10,Top 200,6ErRedGqcOC4HmUEfUneiY,https://open.spotify.com/track/6ErRedGqcOC4HmUEfUneiY,2gqFeF2xx9zMEwUWRc5UK4,Vangelo,album,2026-04-10,2026,73,6.855816666666667,True,1,False,https://i.scdn.co/image/ab67616d0000b273106c24b2e7323189f68e8a4c,https://kworb.net/spotify/track/6ErRedGqcOC4HmUEfUneiY.html
2026-06-22,IT,168,8,5MJc4IVIt17xEt6angtZcq,BUIO DAVANTI,Lazza,49537,0.003106251198070371,1245,304459,87169512,636,3,Top 200,5MJc4IVIt17xEt6angtZcq,https://open.spotify.com/track/5MJc4IVIt17xEt6angtZcq,1QqHc2RPq59exIRKRolI1O,LOCURA,album,2024-11-26,2024,573,3.1607,True,1,False,https://i.scdn.co/image/ab67616d0000b27390d7f08f5345410e0efff330,https://kworb.net/spotify/track/5MJc4IVIt17xEt6angtZcq.html
2026-06-22,IT,169,-19,5wpNF7XLTW4gLyU0NjVOL8,Bottiglie Vuote,"Pinguini Tattici Nucleari, Max Pezzali",49472,0.0031021753289649633,-2126,370049,53723268,436,5,Top 200,5wpNF7XLTW4gLyU0NjVOL8,https://open.spotify.com/track/5wpNF7XLTW4gLyU0NjVOL8,79HurwZ9TQ8y5jrWlUDrIE,Hello World,album,2024-12-06,2024,563,3.2419333333333333,False,2,True,https://i.scdn.co/image/ab67616d0000b27335f945f4057381447c5bb654,https://kworb.net/spotify/track/5wpNF7XLTW4gLyU0NjVOL8.html
2026-06-22,IT,170,-24,6Lc0La3OwOmAouQjbID4uX,Nera,Irama,49416,0.0030986638109664582,-2496,206712,67033925,621,1,Top 200,6Lc0La3OwOmAouQjbID4uX,https://open.spotify.com/track/6Lc0La3OwOmAouQjbID4uX,4L3EeygK6Qm1blF5q4PQyX,Plume,album,2018-06-01,2018,2943,2.902433333333333,False,1,False,https://i.scdn.co/image/ab67616d0000b273a6f221182f3372804a24a901,https://kworb.net/spotify/track/6Lc0La3OwOmAouQjbID4uX.html
2026-06-22,IT,171,3,4vF4VnzL47EVsZZEVsEfbF,VACCI PIANO,"Emma, Rkomi",49412,0.003098412988252279,909,366996,6322668,102,50,Top 200,4vF4VnzL47EVsZZEVsEfbF,https://open.spotify.com/track/4vF4VnzL47EVsZZEVsEfbF,1Ntc1XTLjhjPSHStfXhu1U,VACCI PIANO (feat. Rkomi),single,2026-03-12,2026,102,3.3386,False,2,True,https://i.scdn.co/image/ab67616d0000b273559780cc510a9e2906a7e80d,https://kworb.net/spotify/track/4vF4VnzL47EVsZZEVsEfbF.html
2026-06-22,IT,172,15,0RYqzVMfEjbDr1CTL7fta5,L'universo tranne noi,Max Pezzali,49020,0.0030738323622627444,2133,251480,7893248,152,87,Top 200,0RYqzVMfEjbDr1CTL7fta5,https://open.spotify.com/track/0RYqzVMfEjbDr1CTL7fta5,7iCLgEbIDDHWP6UWzbzNJ4,MAX 20,album,2013-06-04,2013,4766,4.218333333333334,False,1,False,https://i.scdn.co/image/ab67616d0000b273c44013257c466d2e6d34b30d,https://kworb.net/spotify/track/0RYqzVMfEjbDr1CTL7fta5.html
2026-06-22,IT,173,0,7dFfkSJrAHnUdKM5jaUOLt,Tristano e Isotta,Kid Yugi,48813,0.003060852286803985,,97214,16376753,137,1,Top 200,7dFfkSJrAHnUdKM5jaUOLt,https://open.spotify.com/track/7dFfkSJrAHnUdKM5jaUOLt,5QGyZ7xyZX8vrwI4DB6pvV,Anche gli Eroi Muoiono,album,2026-01-30,2026,143,3.62655,True,1,False,https://i.scdn.co/image/ab67616d0000b27361d90e6750f76fe0ad95befe,https://kworb.net/spotify/track/7dFfkSJrAHnUdKM5jaUOLt.html
2026-06-22,IT,174,20,0rjVRGqVuNwnGCxwBkBZXd,FELLINI,"Ernia, Kid Yugi",48718,0.0030548952473422354,2531,303320,38328377,275,1,Top 200,0rjVRGqVuNwnGCxwBkBZXd,https://open.spotify.com/track/0rjVRGqVuNwnGCxwBkBZXd,3ixf929ty0cKT46gJ0sJ9Y,PER SOLDI E PER AMORE,album,2025-09-18,2025,277,2.759133333333333,True,2,True,https://i.scdn.co/image/ab67616d0000b273c1fc667f2f142100a44348e8,https://kworb.net/spotify/track/0rjVRGqVuNwnGCxwBkBZXd.html
2026-06-22,IT,175,0,3cGuiySfwJPXqvE15OiEEg,Tran Tran,Sfera Ebbasta,48403,0.003035142958600645,,98757,100220093,1570,1,Top 200,3cGuiySfwJPXqvE15OiEEg,https://open.spotify.com/track/3cGuiySfwJPXqvE15OiEEg,4nJJuilxSgfHHaaC7dwDfp,Rockstar,album,2018-01-19,2018,3076,3.6622166666666667,True,1,False,https://i.scdn.co/image/ab67616d0000b273a7a64be797303ff304ca43b2,https://kworb.net/spotify/track/3cGuiySfwJPXqvE15OiEEg.html
2026-06-22,IT,176,-40,1CPZ5BxNNd0n0nF4Orb9JS,Golden,"HUNTR/X, EJae, AUDREY NUNA, REI AMI, KPop Demon Hunters Cast",48334,0.0030308162667810586,-6136,371418,33111123,357,10,Top 200,1CPZ5BxNNd0n0nF4Orb9JS,https://open.spotify.com/track/1CPZ5BxNNd0n0nF4Orb9JS,14JkAa6IiFaOh5s0nMyMU9,KPop Demon Hunters (Soundtrack from the Netflix Film),album,2025-06-20,2025,367,3.24345,False,5,True,https://i.scdn.co/image/ab67616d0000b2734dcb6c5df15cf74596ab25a4,https://kworb.net/spotify/track/1CPZ5BxNNd0n0nF4Orb9JS.html
2026-06-22,IT,177,-15,1K9qAxGT4cWUicf2OezSen,VETRI NERI,"AVA, ANNA, Capo Plaza",48293,0.0030282453339607247,-1445,303236,135110940,665,1,Top 200,1K9qAxGT4cWUicf2OezSen,https://open.spotify.com/track/1K9qAxGT4cWUicf2OezSen,1vU1ePx8IOwsYRo5nh63nn,VETRI NERI,single,2023-05-19,2023,1130,2.7462666666666666,True,3,True,https://i.scdn.co/image/ab67616d0000b27389d383468d78b997ca457ab7,https://kworb.net/spotify/track/1K9qAxGT4cWUicf2OezSen.html
2026-06-22,IT,178,-25,6XjDF6nds4DE2BBbagZol6,Gata Only,"FloyyMenor, Cris MJ",48257,0.003025987929533114,-2771,376745,104957505,713,1,Top 200,6XjDF6nds4DE2BBbagZol6,https://open.spotify.com/track/6XjDF6nds4DE2BBbagZol6,5tSQtQGkrCJx3hoQxmLgfM,Gata Only,single,2024-02-02,2024,871,3.7,True,2,True,https://i.scdn.co/image/ab67616d0000b273c4583f3ad76630879a75450a,https://kworb.net/spotify/track/6XjDF6nds4DE2BBbagZol6.html
2026-06-22,IT,179,-23,2pULqfE2k1DHr24dtJwMRh,ADRENALINA,"Samurai Jay, Vito Salamanca",48087,0.0030153279641805097,-2779,380155,1427922,25,91,Top 200,2pULqfE2k1DHr24dtJwMRh,https://open.spotify.com/track/2pULqfE2k1DHr24dtJwMRh,0Put06lJPKgGFHmMntdV7f,AMATORE,album,2026-05-21,2026,32,2.401666666666667,False,2,True,https://i.scdn.co/image/ab67616d0000b273ec6dd44403255d31f03eb164,https://kworb.net/spotify/track/2pULqfE2k1DHr24dtJwMRh.html
2026-06-22,IT,180,-25,2tTmW7RDtMQtBk7m2rYeSw,"Quevedo: Bzrp Music Sessions, Vol. 52","Bizarrap, Quevedo",48002,0.0030099979815042077,-2877,377795,173564254,1233,1,Top 200,2tTmW7RDtMQtBk7m2rYeSw,https://open.spotify.com/track/2tTmW7RDtMQtBk7m2rYeSw,4PNqWiJAfjj32hVvlchV5u,"Quevedo: Bzrp Music Sessions, Vol. 52/66",single,2022-07-06,2022,1447,3.3156166666666667,False,2,True,https://i.scdn.co/image/ab67616d0000b273946f1ea32cc7681e7a86e9ca,https://kworb.net/spotify/track/2tTmW7RDtMQtBk7m2rYeSw.html
2026-06-22,IT,181,15,1rIKgCH4H52lrvDcz50hS8,Lush Life,Zara Larsson,47740,0.002993569093725488,1704,299953,25110619,731,15,Top 200,1rIKgCH4H52lrvDcz50hS8,https://open.spotify.com/track/1rIKgCH4H52lrvDcz50hS8,5YLRVHDVRw3QqWbeTGpC5B,So Good,album,2017-03-17,2017,3384,3.3441,False,1,False,https://i.scdn.co/image/ab67616d0000b273401bf6103d4b7f5230a21582,https://kworb.net/spotify/track/1rIKgCH4H52lrvDcz50hS8.html
2026-06-22,IT,182,0,20jbSiX29FDX4oQxBXyUEi,hate that i made you love me,Ariana Grande,47642,0.002987423937228104,,281135,1693512,23,15,Top 200,20jbSiX29FDX4oQxBXyUEi,https://open.spotify.com/track/20jbSiX29FDX4oQxBXyUEi,1x159B5VzbDWAGBik5cr1z,hate that i made you love me,single,2026-05-29,2026,24,3.29915,False,1,False,https://i.scdn.co/image/ab67616d0000b273b622d42c30697e1e1414343c,https://kworb.net/spotify/track/20jbSiX29FDX4oQxBXyUEi.html
2026-06-22,IT,183,-58,4qycYIAF967ij8lKoxCyqt,Maledetta primavera,Loretta Goggi,47612,0.002985542766871762,-8601,380293,9177300,169,65,Top 200,4qycYIAF967ij8lKoxCyqt,https://open.spotify.com/track/4qycYIAF967ij8lKoxCyqt,1n1JDgaChYT1nDCvbQAOGn,Le più belle canzoni di Loretta Goggi,album,2005-05-27,2005,7696,4.225766666666667,False,1,False,https://i.scdn.co/image/ab67616d0000b27357ed9ab403ec31e3e8554776,https://kworb.net/spotify/track/4qycYIAF967ij8lKoxCyqt.html
2026-06-22,IT,184,0,60a0Rd6pjrkxjPbaKzXjfq,In the End,Linkin Park,47540,0.0029810279580165418,,96978,8357732,212,9,Top 200,60a0Rd6pjrkxjPbaKzXjfq,https://open.spotify.com/track/60a0Rd6pjrkxjPbaKzXjfq,6hPkbAV3ZXpGZBGUvL6jVM,Hybrid Theory (Bonus Edition),album,2000-10-24,2000,9372,3.6146666666666665,False,1,False,https://i.scdn.co/image/ab67616d0000b273e2f039481babe23658fc719a,https://kworb.net/spotify/track/60a0Rd6pjrkxjPbaKzXjfq.html
2026-06-22,IT,185,-52,7oJtUqvumujVKarcXa1SPj,a me mi piace,"Alfa, Manu Chao",47477,0.0029770775002682234,-7126,374385,54895713,373,1,Top 200,0A1acVAH6qLz3Hfjy2dkea,https://open.spotify.com/track/0A1acVAH6qLz3Hfjy2dkea,75fqs09f3rJCfAUdf9Vl3I,Non so chi ha creato il mondo ma so che era innamorato (Deluxe),album,2025-05-30,2025,388,2.3469333333333333,False,2,True,https://i.scdn.co/image/ab67616d0000b2737665d2abd6083ca6663b135a,https://kworb.net/spotify/track/7oJtUqvumujVKarcXa1SPj.html
2026-06-22,IT,186,14,3lFI8rgdb6ScFGyxin4Dh7,Coscienza,Shiva,47414,0.0029731270425199055,2022,310709,7038635,73,13,Top 200,3lFI8rgdb6ScFGyxin4Dh7,https://open.spotify.com/track/3lFI8rgdb6ScFGyxin4Dh7,2gqFeF2xx9zMEwUWRc5UK4,Vangelo,album,2026-04-10,2026,73,3.03945,True,1,False,https://i.scdn.co/image/ab67616d0000b273106c24b2e7323189f68e8a4c,https://kworb.net/spotify/track/3lFI8rgdb6ScFGyxin4Dh7.html
2026-06-22,IT,187,12,1IkzT4wzFJRbFOmKOSqTen,EPISODIO D'AMORE,"Geolier, Takagi & Ketra, Dat Boi Dee",47369,0.0029703052869853924,1887,307678,78048314,558,7,Top 200,1IkzT4wzFJRbFOmKOSqTen,https://open.spotify.com/track/1IkzT4wzFJRbFOmKOSqTen,1bdXMUERNI9dwREDryk6C7,DIO LO SA,album,2024-06-07,2024,745,3.276883333333333,False,3,True,https://i.scdn.co/image/ab67616d0000b273b68cc2f7d1956d743a7ee322,https://kworb.net/spotify/track/1IkzT4wzFJRbFOmKOSqTen.html
2026-06-22,IT,188,7,41lOxc6ARYZPXpKeMWcHsD,Islanda,Pinguini Tattici Nucleari,47194,0.0029593317932400643,1014,192507,77028459,568,1,Top 200,0JiJbbKU6RTYJXMBI34UzM,https://open.spotify.com/track/0JiJbbKU6RTYJXMBI34UzM,79HurwZ9TQ8y5jrWlUDrIE,Hello World,album,2024-12-06,2024,563,3.620216666666667,True,1,False,https://i.scdn.co/image/ab67616d0000b27335f945f4057381447c5bb654,https://kworb.net/spotify/track/41lOxc6ARYZPXpKeMWcHsD.html
2026-06-22,IT,189,-3,59D4DOkspUbWyMmbAPQkxZ,VOY A LLeVARTE PA PR,Bad Bunny,47110,0.002954064516242307,97,368383,34455526,410,20,Top 200,59D4DOkspUbWyMmbAPQkxZ,https://open.spotify.com/track/59D4DOkspUbWyMmbAPQkxZ,5K79FLRUCSysQnVESLcTdb,DeBÍ TiRAR MáS FOToS,album,2025-01-05,2025,533,2.6060666666666665,True,1,False,https://i.scdn.co/image/ab67616d0000b273bbd45c8d36e0e045ef640411,https://kworb.net/spotify/track/59D4DOkspUbWyMmbAPQkxZ.html
2026-06-22,IT,190,0,1vkDKchOzwZM4rXsJTdtGs,XXDONO,"Tiziano Ferro, Lazza",46900,0.0029408963237479136,,309948,2885292,38,6,Top 200,7n5unddip61Z4ZBHCwIm8r,https://open.spotify.com/track/7n5unddip61Z4ZBHCwIm8r,6ev90z3DfY97xaak6RZ0EX,XXDONO (feat. Lazza),single,2026-05-14,2026,39,3.0736833333333333,False,2,True,https://i.scdn.co/image/ab67616d0000b273bbe7f32dd22c7d163a8dae07,https://kworb.net/spotify/track/1vkDKchOzwZM4rXsJTdtGs.html
2026-06-22,IT,191,0,5yvVYFDUpbnjcnRBgjwTzM,Dracula - JENNIE Remix,"Tame Impala, JENNIE",46782,0.002933497053679635,,252095,4031982,72,98,Top 200,5yvVYFDUpbnjcnRBgjwTzM,https://open.spotify.com/track/5yvVYFDUpbnjcnRBgjwTzM,6KFq3hJB6JnNvDbEHRvPoK,Dracula (Remix),single,2026-02-06,2026,136,3.4953333333333334,True,2,True,https://i.scdn.co/image/ab67616d0000b273c7c031ce9d06b131f8563676,https://kworb.net/spotify/track/5yvVYFDUpbnjcnRBgjwTzM.html
2026-06-22,IT,192,-1,5WssaPhjCCUFBMk9PpnHYj,Anche Stasera,Sfera Ebbasta,46772,0.0029328699968941877,301,143022,98338665,909,4,Top 200,5WssaPhjCCUFBMk9PpnHYj,https://open.spotify.com/track/5WssaPhjCCUFBMk9PpnHYj,3ilgQgVMtxAxN2Jmb1OM29,X2VR,album,2023-11-17,2023,948,3.625,True,2,True,https://i.scdn.co/image/ab67616d0000b2733c0eada9fb45ba9d43116f1d,https://kworb.net/spotify/track/5WssaPhjCCUFBMk9PpnHYj.html
2026-06-22,IT,193,-45,4hJSzUREpdDo8uhgEflbHr,Sally,Vasco Rossi,46723,0.002929797418645496,-5019,310786,5581447,123,80,Top 200,4hJSzUREpdDo8uhgEflbHr,https://open.spotify.com/track/4hJSzUREpdDo8uhgEflbHr,78tnU3OxzvnGue3gOIPTlZ,Nessun Pericolo...Per Te (Remastered 2017),album,1996-10-28,1996,10829,4.7231,False,1,False,https://i.scdn.co/image/ab67616d0000b273121902de4bc28e87685506ec,https://kworb.net/spotify/track/4hJSzUREpdDo8uhgEflbHr.html
2026-06-22,IT,194,0,3ZFTkvIE7kyPt6Nu3PEa7V,Hips Don't Lie,"Shakira, Wyclef Jean",46616,0.0029230879110412095,,254256,545904,11,171,Top 200,3d0WouFnFmr0K3kjeza3fF,https://open.spotify.com/track/3d0WouFnFmr0K3kjeza3fF,2cHhcN6iNLNXc7FByWBGi5,"Oral Fixation, Vol. 2 (Expanded Edition)",album,2005-11-28,2005,7511,3.6726666666666667,False,2,True,https://i.scdn.co/image/ab67616d0000b27385432abc16fd92be0d435cb9,https://kworb.net/spotify/track/3ZFTkvIE7kyPt6Nu3PEa7V.html
2026-06-22,IT,195,0,09wmUkefYD7B2IWpHP6v3P,Gilgamesh,Kid Yugi,46616,0.0029230879110412095,,95879,14008491,135,3,Top 200,09wmUkefYD7B2IWpHP6v3P,https://open.spotify.com/track/09wmUkefYD7B2IWpHP6v3P,5QGyZ7xyZX8vrwI4DB6pvV,Anche gli Eroi Muoiono,album,2026-01-30,2026,143,2.682733333333333,True,1,False,https://i.scdn.co/image/ab67616d0000b27361d90e6750f76fe0ad95befe,https://kworb.net/spotify/track/09wmUkefYD7B2IWpHP6v3P.html
2026-06-22,IT,196,0,3Eh8NAQVV8b1EzgKang5ne,Diversi,Shiva,46562,0.002919701804399794,,194471,4237172,61,31,Top 200,3Eh8NAQVV8b1EzgKang5ne,https://open.spotify.com/track/3Eh8NAQVV8b1EzgKang5ne,4oUqxRcUDEwAPqpYgOYuUG,Santana Season,album,2023-06-09,2023,1109,2.9384166666666665,True,1,False,https://i.scdn.co/image/ab67616d0000b273bdf95756e045c23358d4cc98,https://kworb.net/spotify/track/3Eh8NAQVV8b1EzgKang5ne.html
2026-06-22,IT,197,-20,3ip2477VESffCtFkPFT0ov,La Gozadera,"Gente De Zona, Marc Anthony",46411,0.0029102332469395395,-1748,365202,8958028,461,61,Top 200,0OMRAvrtLWE2TvcXorRiB9,https://open.spotify.com/track/0OMRAvrtLWE2TvcXorRiB9,2HXRjHb2nbLJa5r70FBtdT,Visualízate,album,2016-04-22,2016,3713,3.38415,False,2,True,https://i.scdn.co/image/ab67616d0000b2731e3b9d4d53e0ac334cd9eec4,https://kworb.net/spotify/track/3ip2477VESffCtFkPFT0ov.html
2026-06-22,IT,198,0,2RkZ5LkEzeHGRsmDqKwmaJ,Ordinary,Alex Warren,46371,0.0029077250197977506,,252578,52050856,456,10,Top 200,6qqrTXSdwiJaq8SO0X2lSe,https://open.spotify.com/track/6qqrTXSdwiJaq8SO0X2lSe,6xomx5ekO7qHDvDh57rZ5S,Ordinary,single,2025-02-07,2025,500,3.1160666666666668,False,1,False,https://i.scdn.co/image/ab67616d0000b273457cfd5a54720ab3b0820064,https://kworb.net/spotify/track/2RkZ5LkEzeHGRsmDqKwmaJ.html
2026-06-22,IT,199,0,0xEgDBXYO9gGzmxCFWKxNg,CRUDELIA - I nervi,Marracash,46299,0.0029032102109425298,,148405,195964304,2326,2,Top 200,0xEgDBXYO9gGzmxCFWKxNg,https://open.spotify.com/track/0xEgDBXYO9gGzmxCFWKxNg,7cZB2w7ju8vYRGzTSJ1H1v,Persona,album,2019-10-31,2019,2426,3.8487,True,1,False,https://i.scdn.co/image/ab67616d0000b27389070654f69ee060803403f3,https://kworb.net/spotify/track/0xEgDBXYO9gGzmxCFWKxNg.html
2026-06-22,IT,200,-19,4Cd1cCCqG3nlf07i5A0IPH,Yakuza,"Elodie, Sfera Ebbasta, Rvssian",46089,0.002890042018448136,-1251,197396,46799716,325,1,Top 200,4Cd1cCCqG3nlf07i5A0IPH,https://open.spotify.com/track/4Cd1cCCqG3nlf07i5A0IPH,0grqDgwk7yAw6j4PxjHECP,MI AMI MI ODI,album,2025-05-01,2025,417,2.9489666666666667,False,3,True,https://i.scdn.co/image/ab67616d0000b2733f981babef70a17bfde57956,https://kworb.net/spotify/track/4Cd1cCCqG3nlf07i5A0IPH.html
