chart_track_count,streams,has_explicit_track,chart_date,country,spotify_album_id,album_name,album_type,album_image_url,album_release_date,release_year,best_rank,average_days_since_release
13,2782024,True,2026-07-10,IT,6uVCRhqA2UNk3308wh9UY5,MILLION DOLLAR BABE,album,https://i.scdn.co/image/ab67616d0000b273015c812de71228ad2c6eb326,2026-07-09,2026,2,1.0
11,1224535,True,2026-07-10,IT,58OUscdI2nOUKFpoPlp2eb,TUTTO È POSSIBILE,album,https://i.scdn.co/image/ab67616d0000b2738f6566879ccbdbc90b4fc974,2026-01-16,2026,3,175.0
8,830664,True,2026-07-10,IT,2gqFeF2xx9zMEwUWRc5UK4,Vangelo,album,https://i.scdn.co/image/ab67616d0000b273106c24b2e7323189f68e8a4c,2026-04-10,2026,12,91.0
5,511839,True,2026-07-10,IT,5K79FLRUCSysQnVESLcTdb,DeBÍ TiRAR MáS FOToS,album,https://i.scdn.co/image/ab67616d0000b273bbd45c8d36e0e045ef640411,2025-01-05,2025,44,551.0
4,414309,True,2026-07-10,IT,2NBjD7HfilmlALNet5aPFH,LA BELLAVITA,album,https://i.scdn.co/image/ab67616d0000b2739e03e651e481bb0b5fb14b7a,2025-03-28,2025,21,469.0
1,345209,True,2026-07-10,IT,1MdbSkPqc1AeqWJQBk3Weq,WHITE GIRL WASTED,single,https://i.scdn.co/image/ab67616d0000b27302175b6fb6e333973c7af750,2026-06-18,2026,1,22.0
1,284904,False,2026-07-10,IT,2DbfTApmD8EQye9mNgVpcK,OSSESSIONE,single,https://i.scdn.co/image/ab67616d0000b2734305c86a243ca7e7db9d710c,2026-02-25,2026,5,135.0
3,274264,False,2026-07-10,IT,3tiuh424B3Leg8bxHc1Jv5,Comuni Mortali,album,https://i.scdn.co/image/ab67616d0000b273264663d274f67b13c4ae531e,2025-04-18,2025,48,448.0
4,265205,True,2026-07-10,IT,1bdXMUERNI9dwREDryk6C7,DIO LO SA,album,https://i.scdn.co/image/ab67616d0000b273b68cc2f7d1956d743a7ee322,2024-06-07,2024,84,763.0
1,246654,True,2026-07-10,IT,2UXBH30efrkteg2hSfUB10,SWAG MUSIC,single,https://i.scdn.co/image/ab67616d0000b273367221e0ff226ec629714cc6,2026-05-15,2026,8,56.0
3,244629,True,2026-07-10,IT,71agI93AilqukvHURp6tGy,SANTANA MONEY GANG,album,https://i.scdn.co/image/ab67616d0000b273d6cdd0e09df54245b00fa9c6,2025-04-10,2025,56,456.0
1,236954,False,2026-07-10,IT,1XjzMjgg0ktZSGrUv3j1bs,Da Dio,single,https://i.scdn.co/image/ab67616d0000b2733ad214f34f047352b54a2ebd,2026-05-15,2026,9,56.0
1,230137,False,2026-07-10,IT,7GQvp2mrr9bRxhPV18oBok,LA TESTA GIRA,single,https://i.scdn.co/image/ab67616d0000b27303fcfef7dec7395e7f34a83b,2026-03-27,2026,11,105.0
1,220265,True,2026-07-10,IT,3TV20ouePm2YUPAMSj4C0n,AYAYAY,single,https://i.scdn.co/image/ab67616d0000b27353942b2114b943472cc99c83,2026-06-05,2026,13,35.0
2,216853,False,2026-07-10,IT,7o2Ac7nDPNLO0tOsdZ73JD,SOLITO CINEMA,album,https://i.scdn.co/image/ab67616d0000b27311db5c0adf8b90e0c5138336,2026-04-24,2026,52,77.0
3,216331,False,2026-07-10,IT,4QpLnSupGsuYYJYYoj29Q7,TUTTA VITA,album,https://i.scdn.co/image/ab67616d0000b2739a9754efa9799615cf6045e9,2024-10-25,2024,82,623.0
3,210949,True,2026-07-10,IT,3vAjsYdC3b1kYWqmZaM4sd,È O G.,album,https://i.scdn.co/image/ab67616d0000b27307bdc873725e7084d79d693f,2026-06-04,2026,93,36.0
1,208466,False,2026-07-10,IT,10y0yFd5imPOaVmDIQ2lP1,ROMANTICA,single,https://i.scdn.co/image/ab67616d0000b273bf9b4c37370c80131a4a6809,2026-05-22,2026,15,49.0
2,206011,False,2026-07-10,IT,7Hww6TqaOQMRjWJSNqVyyY,IL GIORNO CHE ASPETTAVO,album,https://i.scdn.co/image/ab67616d0000b273ec2b58c5dbabf8745c701799,2026-06-19,2026,37,21.0
1,189913,False,2026-07-10,IT,2puopS5aH6YlpFJYqx6jGK,AL MIO PAESE,single,https://i.scdn.co/image/ab67616d0000b2737743f0476cc177c770396986,2026-04-03,2026,19,98.0
3,185074,True,2026-07-10,IT,3ilgQgVMtxAxN2Jmb1OM29,X2VR,album,https://i.scdn.co/image/ab67616d0000b2733c0eada9fb45ba9d43116f1d,2023-11-17,2023,129,966.0
1,171109,True,2026-07-10,IT,6R0HGRmgF4A0wMrwkTh6yr,Splinter Cell,single,https://i.scdn.co/image/ab67616d0000b273e9c1ffd4d58b8b5be2e2d602,2026-05-22,2026,22,49.0
1,170736,False,2026-07-10,IT,6fsms67vLncXwehxDegR5I,Sorry Scusa Lo Siento,single,https://i.scdn.co/image/ab67616d0000b273d91aefd33813beab9a9f23ff,2026-05-15,2026,23,56.0
2,166616,False,2026-07-10,IT,3ixf929ty0cKT46gJ0sJ9Y,PER SOLDI E PER AMORE,album,https://i.scdn.co/image/ab67616d0000b273c1fc667f2f142100a44348e8,2025-09-18,2025,65,295.0
1,161452,False,2026-07-10,IT,7vTk9JCF1hzUNCjUA5vgkI,Maladie,single,https://i.scdn.co/image/ab67616d0000b2730bec8cf6742b5d00f101b0e8,2026-03-20,2026,25,112.0
2,159609,False,2026-07-10,IT,2ANVost0y2y52ema1E9xAZ,Thriller,album,https://i.scdn.co/image/ab67616d0000b27332a7d87248d1b75463483df5,1982-11-30,1982,75,15928.0
1,154011,False,2026-07-10,IT,2eeufspLkAubwTJfOGSrI8,Dai Dai,single,https://i.scdn.co/image/ab67616d0000b27303cadf1b3fe324c1dc710ed4,2026-05-14,2026,27,57.0
1,152495,True,2026-07-10,IT,5fTgdXawyLC7oZEry7jGEk,Famoso,album,https://i.scdn.co/image/ab67616d0000b273affffa7ab8803fca453be456,2021-02-12,2021,28,1974.0
1,152132,False,2026-07-10,IT,374Z5kI6lNCztQV7HItzUJ,Talk To You (ft. 54 Ultra),single,https://i.scdn.co/image/ab67616d0000b273b42ed7f52290f1583760a7e2,2026-03-06,2026,29,126.0
1,151233,False,2026-07-10,IT,164ST8Sbg81Pr7rJZ1iKBN,Canto d’amore (con Marco Mengoni),single,https://i.scdn.co/image/ab67616d0000b273d5c202928352e775059dedbb,2026-06-12,2026,30,28.0
2,150437,False,2026-07-10,IT,5IMzuX8ITydV8NBq10xG2T,È sempre bello,album,https://i.scdn.co/image/ab67616d0000b2735ae8c639d8e9c6c2a02989a2,2019-03-29,2019,96,2660.0
1,148637,False,2026-07-10,IT,0Put06lJPKgGFHmMntdV7f,AMATORE,album,https://i.scdn.co/image/ab67616d0000b273ec6dd44403255d31f03eb164,2026-05-21,2026,33,50.0
1,146001,True,2026-07-10,IT,2CCna0QTtaOVDjFvobTZeO,AUTORITÀ,single,https://i.scdn.co/image/ab67616d0000b2737d5cf75f7c49628406fe56fc,2026-06-04,2026,34,36.0
1,145256,True,2026-07-10,IT,4Xdo78uvvt1P7rWRX8TOPt,La Plena (W Sound 05),single,https://i.scdn.co/image/ab67616d0000b273c0353d023daf5ebda0eb003b,2025-02-19,2025,36,506.0
1,141596,True,2026-07-10,IT,4Kb07sqP1OQ9xkfazOi7C3,ACQUARIO,single,https://i.scdn.co/image/ab67616d0000b273644652160595bfc09c495c22,2026-01-09,2026,38,182.0
1,138222,False,2026-07-10,IT,6jZqXuGjnCopndMocQFEcm,Cabana,single,https://i.scdn.co/image/ab67616d0000b27357a423d58da2d9d974de3df6,2026-05-15,2026,39,56.0
1,137841,False,2026-07-10,IT,0WijS8Oq1zVzbVCepggKgV,LA GRACIOSA,single,https://i.scdn.co/image/ab67616d0000b273762bb4d1f3481df994ce5f40,2026-04-23,2026,40,78.0
1,129856,False,2026-07-10,IT,02UzV7oxqKA0Kkp3n205KB,DISINCANTO,album,https://i.scdn.co/image/ab67616d0000b2732e29d8e9ccb757f686385250,2026-04-16,2026,42,85.0
1,128467,False,2026-07-10,IT,17jBG75ANeNCWTNsi4QSwn,BUONA DOMENICA,single,https://i.scdn.co/image/ab67616d0000b273482ba9d105682caa91f0ddc8,2026-04-02,2026,43,99.0
1,126057,False,2026-07-10,IT,5ZX3Zdp20YCGI4ruAfZlMj,Jamaican (Bam Bam),single,https://i.scdn.co/image/ab67616d0000b273450a730dd72f3bf49882ae9d,2025-11-07,2025,45,245.0
2,123630,True,2026-07-10,IT,4nJJuilxSgfHHaaC7dwDfp,Rockstar,album,https://i.scdn.co/image/ab67616d0000b273a7a64be797303ff304ca43b2,2018-01-19,2018,125,3094.0
1,121967,False,2026-07-10,IT,5cxMa6oLINJzmZ8lF7wWQN,Believe,album,https://i.scdn.co/image/ab67616d0000b273f1d02a6cec967f8b6b78f76e,2012-01-01,2012,47,5304.0
2,120135,False,2026-07-10,IT,0jCjYC7ABAxCsSf0wqFbsc,Sfera Ebbasta,album,https://i.scdn.co/image/ab67616d0000b2730b5557811b1eab235b1fade4,2016-09-09,2016,150,3591.0
1,118158,False,2026-07-10,IT,2MAslE3CpEJAIvLG8EW1Gh,Questa domenica,single,https://i.scdn.co/image/ab67616d0000b273b2543a4312d07cffe4205d98,2025-08-29,2025,49,315.0
1,117208,False,2026-07-10,IT,06ge45XUS63W0ENu9QjjQN,Buon Vento,single,https://i.scdn.co/image/ab67616d0000b2737265c7cbbc7f89bba30614ff,2026-05-21,2026,50,50.0
1,112082,False,2026-07-10,IT,7Cdqksm4yTfiq0EfKPa86M,Self Aware,single,https://i.scdn.co/image/ab67616d0000b273d6c26d2ae723f7ab553d64cc,2026-02-15,2026,51,145.0
2,111220,True,2026-07-10,IT,79HurwZ9TQ8y5jrWlUDrIE,Hello World,album,https://i.scdn.co/image/ab67616d0000b27335f945f4057381447c5bb654,2024-12-06,2024,173,581.0
1,109193,True,2026-07-10,IT,4BmvCSV4ZqsnyAcQQQnv0S,Hustle Mixtape Vol. 2,album,https://i.scdn.co/image/ab67616d0000b27361e1eb765192dae01672b56a,2025-10-31,2025,54,252.0
1,106587,False,2026-07-10,IT,2op7wmZ9fVyLGLhjGmrLMG,Stupida sfortuna,single,https://i.scdn.co/image/ab67616d0000b2736ee6ea583faf9653c920b030,2026-02-25,2026,57,135.0
1,103946,False,2026-07-10,IT,6QXhh6j3OifW2hTvVWXbVW,I romantici,single,https://i.scdn.co/image/ab67616d0000b273f36d9162096b9c61c3fd388b,2026-02-25,2026,59,135.0
1,101394,False,2026-07-10,IT,3IZTQfXDz7gAJtqB6UDKt9,Cuore rotto,single,https://i.scdn.co/image/ab67616d0000b27358005fdf22ddffcd402f207d,2026-06-05,2026,61,35.0
1,100095,False,2026-07-10,IT,6tOe4eAF8xNhEkl9WyvsE4,(What's The Story) Morning Glory? (Deluxe Remastered Edition),album,https://i.scdn.co/image/ab67616d0000b2737a4c8c59851c88f6794c3cbf,1995-01-01,1995,62,11513.0
1,99293,False,2026-07-10,IT,0vrr3P8BXPhM3eXtsBptuq,Labirinto,single,https://i.scdn.co/image/ab67616d0000b273797d3bac974be0c1292bed48,2026-02-25,2026,63,135.0
1,98946,False,2026-07-10,IT,7aeDTh7h77f5hsLz6f7DrP,Bandito,single,https://i.scdn.co/image/ab67616d0000b273b1b466b83a568261768acaa3,2026-06-19,2026,64,21.0
1,94842,False,2026-07-10,IT,7sCzauzbInQn7NEsvTAtqq,Movin' To The Sun,single,https://i.scdn.co/image/ab67616d0000b27384b3a5e824d76fc3b4dbe492,2026-05-22,2026,66,49.0
1,93189,True,2026-07-10,IT,3RQQmkQEvNCY4prGKE6oc5,Un Verano Sin Ti,album,https://i.scdn.co/image/ab67616d0000b27349d694203245f241a1bcaa72,2022-05-06,2022,67,1526.0
1,92035,False,2026-07-10,IT,1CSskxZMvTHis0a3YwBOHR,Schiena,album,https://i.scdn.co/image/ab67616d0000b273dcceee76ed8d7d01d0b0d109,2013-01-01,2013,69,4938.0
1,91391,False,2026-07-10,IT,3ROTuddVE79FtfYVw5BfzG,ALASKA BABY,album,https://i.scdn.co/image/ab67616d0000b2738105d9afaf9247e8345e0ed6,2024-11-28,2024,70,589.0
1,90573,True,2026-07-10,IT,5w4WlFG5HhXOichH3hwKPH,EL MOCO VERDE,single,https://i.scdn.co/image/ab67616d0000b2735c72961c9ad2bfe912fb56c3,2026-06-12,2026,71,28.0
1,89732,True,2026-07-10,IT,3ATVZVuF9q5phfA8Fwl96O,MUCHACHA,single,https://i.scdn.co/image/ab67616d0000b273bf3151af9c5e4d7c1de59ae9,2026-02-05,2026,72,155.0
1,88871,False,2026-07-10,IT,5spP5OwikL076tVBuw7gb8,Magnetic / Addicted To Your Love,single,https://i.scdn.co/image/ab67616d0000b273158cbe80b9b9573b46d2b50f,2026-02-27,2026,73,133.0
1,88551,True,2026-07-10,IT,4Are0mNScwygiibFFK39db,BIG 5,single,https://i.scdn.co/image/ab67616d0000b273ae327bdcc50cf2b33e8e254f,2025-07-18,2025,74,357.0
1,87685,False,2026-07-10,IT,1afcyvrWTSivDef7JDO0ot,Introvabile,single,https://i.scdn.co/image/ab67616d0000b273beb9c31e5cbe50c5f7d9371d,2026-01-23,2026,76,168.0
1,87141,False,2026-07-10,IT,3s3ThjVMEWRqXV8b4H6sy4,Faccio un casino,album,https://i.scdn.co/image/ab67616d0000b273061bf53ff7abeb2e89429bdf,2017-05-05,2017,77,3353.0
1,86778,False,2026-07-10,IT,08SB1CgIS0yVIH7ZV99I6f,TUTTA VITA (SEMPRE),album,https://i.scdn.co/image/ab67616d0000b2736752cb3279906514dd04c8aa,2025-09-26,2025,78,287.0
1,86488,False,2026-07-10,IT,0fRRdNGgVZ1tiPjfDPlD8k,TU MI PIACI TANTO,single,https://i.scdn.co/image/ab67616d0000b273e1eafe16a2cb5d4e306f1918,2026-02-25,2026,81,135.0
1,84851,False,2026-07-10,IT,2VHpXm9h05eiyteYReWkK8,ALTROVE,album,https://i.scdn.co/image/ab67616d0000b27395c1fc384c2bf4e7f9292017,2024-05-17,2024,83,784.0
1,82655,False,2026-07-10,IT,7DCQMEasHZn2y5VHAmSlBF,Tu Me Quieres,single,https://i.scdn.co/image/ab67616d0000b273425ff4d7d6105cc5be872dca,2024-09-13,2024,88,665.0
1,82508,False,2026-07-10,IT,6zm0N3GCyTiHOD7V5i8TZQ,DIO LO SA - ATTO II,album,https://i.scdn.co/image/ab67616d0000b273e76cba16da2dd7b52ed3577d,2024-11-22,2024,89,595.0
1,81243,False,2026-07-10,IT,5hgB3YhDFqOPsEd9WnWanj,L'undertaker Part.1,single,https://i.scdn.co/image/ab67616d0000b2733100e1ee90b3190b95a08047,2025-08-15,2025,90,329.0
1,78851,False,2026-07-10,IT,0sWJ3v0FROzcNzyjNYUs6t,LA CIUDAD,album,https://i.scdn.co/image/ab67616d0000b2736abd0fcf50a20ac09a028c92,2024-12-24,2024,91,563.0
1,77346,True,2026-07-10,IT,582gc2Nyig9saw8gHx9sUw,Via dei Mille,single,https://i.scdn.co/image/ab67616d0000b273fba738f77d26eebb07d07e0d,2026-03-13,2026,94,119.0
1,76050,True,2026-07-10,IT,6LmhYmD5q0vflzqQhkfeN1,Hustle Mixtape,album,https://i.scdn.co/image/ab67616d0000b273b7f751e1f4c492ab41c9d9d3,2022-06-03,2022,97,1498.0
1,75409,False,2026-07-10,IT,53b1lFTsC7lV3pieOFYZ9i,Edge of Desire,single,https://i.scdn.co/image/ab67616d0000b2736d69d34ade62de08bff530ca,2025-07-18,2025,98,357.0
1,73661,False,2026-07-10,IT,64mzxfRIXYCm6NVj0NTefe,Kriminal (Prod. by Roberto Ferrante),single,https://i.scdn.co/image/ab67616d0000b273b5664fc4700d1a24595116d0,2025-07-18,2025,100,357.0
1,73106,False,2026-07-10,IT,2YZZIDM1eRHHza7wde8KYg,Peter Pan,album,https://i.scdn.co/image/ab67616d0000b2738cbd315566d3ea3bdddb8952,2018-02-09,2018,101,3073.0
1,72629,False,2026-07-10,IT,5ylbxH7EqpsmHZCRuiYewS,Si Antes Te Hubiera Conocido,single,https://i.scdn.co/image/ab67616d0000b273491678beaffcefac517a699e,2024-06-21,2024,102,749.0
1,72294,False,2026-07-10,IT,18YymC6IWBNcNo46Qe8r50,"PARTENOPE (feat. Serena Brancale, The Kolors)",single,https://i.scdn.co/image/ab67616d0000b27381e9c6bfc08d4a1e56a38400,2026-06-05,2026,103,35.0
1,72208,False,2026-07-10,IT,4t5euIQosseN76E6f3b8NF,Halo,single,https://i.scdn.co/image/ab67616d0000b2735dd97ee52973b7230b4b7a95,2025-06-13,2025,104,392.0
1,72105,True,2026-07-10,IT,14aEL5lLrcr9ohOnpdIeVi,DÉSOLÉE,single,https://i.scdn.co/image/ab67616d0000b273d1d098940f465aa6cbcabf42,2025-06-12,2025,105,393.0
1,70627,False,2026-07-10,IT,3sysiYphqNRQw7VKLCg1yE,Love?,album,https://i.scdn.co/image/ab67616d0000b273d7b2aa3834b82b1cbe899a48,2011-04-29,2011,109,5551.0
1,69829,False,2026-07-10,IT,05jbNkYoEQdjVDHEHtg1gY,"Don't Forget About Me, Demos",album,https://i.scdn.co/image/ab67616d0000b2737b1b6f41c1645af9757d5616,2018-10-16,2018,111,2824.0
1,69279,False,2026-07-10,IT,2g1UKV8THjSEhJjmCqOoWd,Nord Sud Ovest Est,album,https://i.scdn.co/image/ab67616d0000b273243b73f0b9fd2500f491f5bf,1993-01-01,1993,113,12243.0
1,69231,False,2026-07-10,IT,0uo2O3BcYrZJzCnHk0I0BU,Free Your Mind,single,https://i.scdn.co/image/ab67616d0000b27338974737cba5770d9dba1cd6,2026-03-27,2026,114,105.0
1,69176,False,2026-07-10,IT,5CZNj3Q2W3mOnK4n71zq9C,MA IO SONO FUOCO,album,https://i.scdn.co/image/ab67616d0000b273f34a244e1db435c40720d9d2,2025-10-10,2025,115,273.0
1,68665,False,2026-07-10,IT,4UMjBXcRqIgMZ1XumU2x5T,Dizzy up the Girl,album,https://i.scdn.co/image/ab67616d0000b273eda9478c39a21e1cdc6609ca,1998-01-01,1998,116,10417.0
1,68566,True,2026-07-10,IT,5QGyZ7xyZX8vrwI4DB6pvV,Anche gli Eroi Muoiono,album,https://i.scdn.co/image/ab67616d0000b27361d90e6750f76fe0ad95befe,2026-01-30,2026,118,161.0
1,67961,False,2026-07-10,IT,32HEGXJyQkqHh888V70rdu,Per sempre sì,single,https://i.scdn.co/image/ab67616d0000b2739fee241bfd5d68e758b4e4e5,2026-02-25,2026,120,135.0
1,67380,False,2026-07-10,IT,3pHFjWCK7d5YLtEuFwfR5N,54+1,album,https://i.scdn.co/image/ab67616d0000b273d8243a13e6f41310a5fa7b96,2019-03-22,2019,122,2667.0
1,66209,True,2026-07-10,IT,0zjgFMnfRoOd0meFbxIogc,Il mio lato peggiore,album,https://i.scdn.co/image/ab67616d0000b273c62c7920980cba87cda1867f,2025-05-16,2025,126,420.0
1,66112,True,2026-07-10,IT,3AtmmwCyWNlimeMrEC8rq7,M'AMA NON M'AMA,single,https://i.scdn.co/image/ab67616d0000b27350586a7401ee494fc8f47a08,2026-06-18,2026,128,22.0
1,65920,False,2026-07-10,IT,0Kh1PxZEW7VJa84HBdjnNa,Canzone Estiva,single,https://i.scdn.co/image/ab67616d0000b273f9a91a2ef78e9d2c60611d32,2026-03-13,2026,130,119.0
1,65643,False,2026-07-10,IT,4JDXBZdRPId4devseaAOKH,DECIDE,album,https://i.scdn.co/image/ab67616d0000b273fddfffec51b4580acae727c1,2022-09-16,2022,132,1393.0
1,64559,False,2026-07-10,IT,4Qi2eStDx3PiwTIjGuwncH,Pianeti,album,https://i.scdn.co/image/ab67616d0000b27300a20370f7a2208e5d754408,2017-10-06,2017,133,3199.0
1,64044,False,2026-07-10,IT,4k06f6YoESEJSz52yesIOX,Mediterraneo,album,https://i.scdn.co/image/ab67616d0000b2739791f57ba5b3843bda70c0fd,2025-06-06,2025,135,399.0
1,63035,False,2026-07-10,IT,59i1dzyF8wpUTk3KJ5zNXq,"Status (Inediti, Rarità & Live)",album,https://i.scdn.co/image/ab67616d0000b273bfff1cc3a4f34f0b59445642,2016-01-22,2016,138,3822.0
1,63016,True,2026-07-10,IT,4oJZFEKPVLVViFlG5VnAhN,KING OF DARK,album,https://i.scdn.co/image/ab67616d0000b273bc46258c61df24809b76d98f,2026-02-13,2026,139,147.0
1,62896,False,2026-07-10,IT,4LPEPv5dG2Cu5aceakd1cm,M' Manc (con Geolier & Sfera Ebbasta),single,https://i.scdn.co/image/ab67616d0000b273521496cca18501a2ffeebfa9,2020-06-11,2020,140,2220.0
1,62525,False,2026-07-10,IT,2ZfPIE8fqR06nRCrnCRjuv,ANTIDROGA (feat. Fabri Fibra),single,https://i.scdn.co/image/ab67616d0000b273e586cf83cd49ed1afd33f69c,2026-06-25,2026,141,15.0
1,62484,False,2026-07-10,IT,2YDmgd7JcW5hN0vnKplc6v,Colpa Delle Favole,album,https://i.scdn.co/image/ab67616d0000b27358bdaab8bf97a7eabb4eb441,2019-04-05,2019,142,2653.0
1,61967,False,2026-07-10,IT,2biVG6BYnVVSwLYd1OjbPT,Dream Your Life Away (Deluxe Edition),album,https://i.scdn.co/image/ab67616d0000b27305d081cbdc2f67d37a364d63,2014-08-05,2014,144,4357.0
1,61831,False,2026-07-10,IT,0grqDgwk7yAw6j4PxjHECP,MI AMI MI ODI,album,https://i.scdn.co/image/ab67616d0000b2733f981babef70a17bfde57956,2025-05-01,2025,145,435.0
1,61665,False,2026-07-10,IT,5k3P92L8FfhP1n8ye6FotE,20 (Deluxe Edition),album,https://i.scdn.co/image/ab67616d0000b273b2396df413b2694c4a93d81a,2018-11-30,2018,146,2779.0
1,61608,False,2026-07-10,IT,5PdqPLG4hUzuLAWUDFaZap,"Gira, il mondo gira",album,https://i.scdn.co/image/ab67616d0000b2734743343cec324c534a99ca39,2023-02-10,2023,147,1246.0
1,61417,False,2026-07-10,IT,5ASuHiYQYuQU8VemaHSRNq,Pilé (Gospel),single,https://i.scdn.co/image/ab67616d0000b2738137fce21bfc6a7c3da0db67,2026-05-14,2026,148,57.0
1,61218,False,2026-07-10,IT,3EpWXMt9LJ5LCaqlCVkXoP,Amarsi è la rivoluzione,album,https://i.scdn.co/image/ab67616d0000b27303dfd27e0952911edc3b32f3,2025-05-02,2025,149,434.0
1,60663,False,2026-07-10,IT,6v8Dh5jr3ykfLoBPvZKrmj,QUESTA INSENSATA VOGLIA DI TE,single,https://i.scdn.co/image/ab67616d0000b27366f37f0953e6f6821a9f78ff,2026-04-29,2026,151,72.0
1,60300,False,2026-07-10,IT,26BpBOqkCoqIFDEfavYQl7,RAFFAELLA FICO,single,https://i.scdn.co/image/ab67616d0000b273ef4b420fc6ce1f2fc7f3b176,2026-07-07,2026,153,3.0
1,60007,True,2026-07-10,IT,0Rqdxqcqq0wKQISWQwGLT1,SEXY RAVE (feat. Baby Gang),single,https://i.scdn.co/image/ab67616d0000b273d690b3baacf4199f53fb4f95,2025-04-11,2025,154,455.0
1,60002,True,2026-07-10,IT,4KakTQXezMez5owYFuGAF2,VERA BADDIE,album,https://i.scdn.co/image/ab67616d0000b273fb7329a6fb6154b1fa3704c7,2024-06-27,2024,155,743.0
1,59997,False,2026-07-10,IT,07kam1Dks7GIucbSelfvyX,Columbia,single,https://i.scdn.co/image/ab67616d0000b273acbcd04fa4069f14741477ee,2023-07-07,2023,156,1099.0
1,59948,True,2026-07-10,IT,3LXvt5r3boBy4sQQpxmsi9,Gemelli,album,https://i.scdn.co/image/ab67616d0000b273820c0ed614ed30340ba38f28,2020-06-18,2020,157,2213.0
1,59907,False,2026-07-10,IT,2HXRjHb2nbLJa5r70FBtdT,Visualízate,album,https://i.scdn.co/image/ab67616d0000b2731e3b9d4d53e0ac334cd9eec4,2016-04-22,2016,158,3731.0
1,59378,False,2026-07-10,IT,3OpmNTT7hIZMoO9NNcKnmz,La Teoria Dei Colori,album,https://i.scdn.co/image/ab67616d0000b27322ae5b5ba67f6f218b5f3e34,2012-01-01,2012,161,5304.0
1,59008,False,2026-07-10,IT,5Or7kMO6Pl5sx4sJvlsAAj,Io Non So Parlar D'Amore,album,https://i.scdn.co/image/ab67616d0000b273d43d863d21965e08938a0097,1999-01-01,1999,163,10052.0
1,58954,False,2026-07-10,IT,5W9OT0a5iZlBr83a9WMKFY,Synchronicity (Remastered 2003),album,https://i.scdn.co/image/ab67616d0000b273c8e97cafeb2acb85b21a777e,1983-06-17,1983,164,15729.0
1,58880,False,2026-07-10,IT,5QWHes9ODwn42DHTifGkXd,The Heist,album,https://i.scdn.co/image/ab67616d0000b2732a6b364528b128a4a17d100d,2012-10-09,2012,165,5022.0
1,58770,False,2026-07-10,IT,6xomx5ekO7qHDvDh57rZ5S,Ordinary,single,https://i.scdn.co/image/ab67616d0000b273457cfd5a54720ab3b0820064,2025-02-07,2025,166,518.0
1,58213,False,2026-07-10,IT,1sIUqfQsBmRIlSmhDnkB0u,Che fastidio!,single,https://i.scdn.co/image/ab67616d0000b27357fc29e972e43683bc409cd1,2026-02-25,2026,168,135.0
1,58106,False,2026-07-10,IT,3jCG9BHzeIC5m4ifWQozsS,Bossa Nostra,single,https://i.scdn.co/image/ab67616d0000b273418d5ec9d002ad8ff54cc6ce,2026-05-01,2026,169,70.0
1,57722,False,2026-07-10,IT,1MMVWEgrIylF7v0er9IjWm,Poesie Clandestine,single,https://i.scdn.co/image/ab67616d0000b273c3528a1f7556e36edb0b0cf8,2026-02-25,2026,170,135.0
1,57173,False,2026-07-10,IT,0idasMxjLcTfRitXmkvJ93,CALCINACCI,album,https://i.scdn.co/image/ab67616d0000b273ff26d9e6888e0a1ab315aa6a,2026-03-13,2026,172,119.0
1,56720,False,2026-07-10,IT,2UsIHnX2RaOOQVkpspAYDj,Completamente Sold Out,album,https://i.scdn.co/image/ab67616d0000b273ebcc0e1956fb93e0d3e13c24,2016-10-21,2016,174,3549.0
1,56696,False,2026-07-10,IT,0zMH1I8EZPPGYAzxZ9H0gU,1969 - Achille Idol Rebirth,album,https://i.scdn.co/image/ab67616d0000b273bf803cb00dd8eadd0a98b28f,2020-09-25,2020,175,2114.0
1,56350,False,2026-07-10,IT,7iCLgEbIDDHWP6UWzbzNJ4,MAX 20,album,https://i.scdn.co/image/ab67616d0000b273c44013257c466d2e6d34b30d,2013-06-04,2013,177,4784.0
1,56250,True,2026-07-10,IT,5GKjDCxwhXCo7sRyjg6syj,OK,album,https://i.scdn.co/image/ab67616d0000b2738e7ffe7ec58d3f439fe5a0d8,2021-02-12,2021,178,1974.0
1,56056,False,2026-07-10,IT,01sqwTOTrN9gaYQc1rr6Zw,WHERE IS MY HUSBAND!,single,https://i.scdn.co/image/ab67616d0000b2736ac3c7938191585c53c8180d,2025-09-19,2025,179,294.0
1,54961,False,2026-07-10,IT,1eoYupgvxWRBT6nHnAHjEQ,Emigrante Del Mundo (Remastered),album,https://i.scdn.co/image/ab67616d0000b273dd6b19d30e8b2531c625fbc4,2011-12-19,2011,181,5317.0
1,54858,False,2026-07-10,IT,71Vl3fngzF0TtanIzdUBKz,Bam Bam Bambina,single,https://i.scdn.co/image/ab67616d0000b273e47d4261a2971d3f28141708,2026-05-21,2026,182,50.0
1,54752,True,2026-07-10,IT,1vU1ePx8IOwsYRo5nh63nn,VETRI NERI,single,https://i.scdn.co/image/ab67616d0000b27389d383468d78b997ca457ab7,2023-05-19,2023,183,1148.0
1,54742,False,2026-07-10,IT,6PG1Iv9hxCM1Neq6OdIDWZ,Hanno ucciso l'Uomo Ragno,album,https://i.scdn.co/image/ab67616d0000b273858888bdb62d382739b07e89,1992-01-01,1992,184,12609.0
1,54520,False,2026-07-10,IT,0VJI3wpebzRyVHq0eZQidb,The Very Best of Bonnie Tyler,compilation,https://i.scdn.co/image/ab67616d0000b2738cefe8e2f2cfd63ce073fa96,2009-03-26,2009,186,6315.0
1,54104,False,2026-07-10,IT,1Ntc1XTLjhjPSHStfXhu1U,VACCI PIANO (feat. Rkomi),single,https://i.scdn.co/image/ab67616d0000b273559780cc510a9e2906a7e80d,2026-03-12,2026,188,120.0
1,53970,True,2026-07-10,IT,5tSQtQGkrCJx3hoQxmLgfM,Gata Only,single,https://i.scdn.co/image/ab67616d0000b273c4583f3ad76630879a75450a,2024-02-02,2024,189,889.0
1,53628,True,2026-07-10,IT,4PnI5eaXxjq92nlWpdifek,64 BARRE DI TERRORE (Red Bull 64 Bars),single,https://i.scdn.co/image/ab67616d0000b27342cf832057591e86dc1447df,2026-06-23,2026,190,17.0
1,53595,False,2026-07-10,IT,1CKeSCEj384RQmAUhcDUlw,Solo,album,https://i.scdn.co/image/ab67616d0000b273e1bed516757471f1266dee07,2021-10-22,2021,191,1722.0
1,53418,False,2026-07-10,IT,0KYX8LOknGNZ7CkC5EuHJw,20,album,https://i.scdn.co/image/ab67616d0000b273fe950b9b68419fdb2d3b7631,2018-04-20,2018,192,3003.0
1,53340,True,2026-07-10,IT,43dl8hP5uNN9s6YeeJA5fv,DÁKITI,single,https://i.scdn.co/image/ab67616d0000b27334c8199b0b3b3fb42b8a98a8,2020-10-30,2020,193,2079.0
1,53158,False,2026-07-10,IT,4PNqWiJAfjj32hVvlchV5u,"Quevedo: Bzrp Music Sessions, Vol. 52/66",single,https://i.scdn.co/image/ab67616d0000b273946f1ea32cc7681e7a86e9ca,2022-07-06,2022,195,1465.0
1,52848,False,2026-07-10,IT,58ufpQsJ1DS5kq4hhzQDiI,Unorthodox Jukebox,album,https://i.scdn.co/image/ab67616d0000b273926f43e7cce571e62720fd46,2012-12-07,2012,196,4963.0
1,52826,False,2026-07-10,IT,0Ua2qdU4Z3xzdmcXFkDCgF,SANTISSIMO,album,https://i.scdn.co/image/ab67616d0000b273a5c0891335314e40e309ae91,2026-05-08,2026,197,63.0
1,52488,False,2026-07-10,IT,1tcX4ysSZEeMMshVVbkkDa,Possibili Scenari,album,https://i.scdn.co/image/ab67616d0000b27312d5ab24a8b636d56d3e39e9,2017-11-24,2017,198,3150.0
1,52432,True,2026-07-10,IT,2U9mwmcJrUmkIpJm9gq8n7,RYAN TED,album,https://i.scdn.co/image/ab67616d0000b273112a9d73a9662074bb98a086,2026-05-22,2026,200,49.0
