chart_date,country,country_name,chart_source,rank,rank_change,track_id,track_name,artist_ids,artist_names,artist_names_text,days_on_chart,peak_rank,peak_count_text,streams,streams_change,streams_7day,streams_7day_change,streams_total,kworb_track_url
2026-07-13,IT,Italy,kworb_spotify_daily,1,=,3WL6jUG9qR8rhOOVlD51JE,CANZONE D'AMORE,"[""27LlKWxS3KXW7RRAxN5S8s""]","[""Geolier""]",Geolier,179,1,(x17),282949,6620,2086918,1211,40861294,https://kworb.net/spotify/track/3WL6jUG9qR8rhOOVlD51JE.html
2026-07-13,IT,Italy,kworb_spotify_daily,2,=,63vgQs2pr8e0fU10Jp2MrW,OSSESSIONE,"[""2n0Ki4A5tKTEloq3WCt1IH"", ""2QJ1AReDewmz4fcRhGxW6Y""]","[""Samurai Jay"", ""Vito Salamanca""]","Samurai Jay, Vito Salamanca",54,1,(x16),241072,-7936,1836822,1444,16165983,https://kworb.net/spotify/track/63vgQs2pr8e0fU10Jp2MrW.html
2026-07-13,IT,Italy,kworb_spotify_daily,3,+1,3QGY1Tr2MePboAxYtsdbn4,SWAG MUSIC,"[""2R4kNOwHUUsuDYhKsESVbF""]","[""Artie 5ive""]",Artie 5ive,60,1,(x18),218542,7388,1622559,-12388,17217927,https://kworb.net/spotify/track/3QGY1Tr2MePboAxYtsdbn4.html
2026-07-13,IT,Italy,kworb_spotify_daily,4,+1,3d56FH7ZlHf9tjojZSwv8U,WHITE GIRL WASTED,"[""7K80yOTC0Id95gRaOxDG5u""]","[""ANNA""]",ANNA,24,1,(x1),205234,3634,1375775,33961,4750196,https://kworb.net/spotify/track/3d56FH7ZlHf9tjojZSwv8U.html
2026-07-13,IT,Italy,kworb_spotify_daily,5,-2,5k5scIRaBAJStJF1xWCqgc,LA TESTA GIRA,"[""0QrUbsrL5imqntAfDl8i7q"", ""7FNnA9vBm6EKceENgCGRMb"", ""6FtwCmLY6L1sqvjaQ2lV6G""]","[""Fred De Palma"", ""Anitta"", ""Emis Killa""]","Fred De Palma, Anitta, Emis Killa",109,3,(x14),199486,-15152,1537694,-4247,22010306,https://kworb.net/spotify/track/5k5scIRaBAJStJF1xWCqgc.html
2026-07-13,IT,Italy,kworb_spotify_daily,6,=,1WitbPTd3SjoUJOWobxzVF,Bad Bad Bad,"[""2K5nCggbhSZ00YCYP5qkZS"", ""27LlKWxS3KXW7RRAxN5S8s""]","[""Shiva"", ""Geolier""]","Shiva, Geolier",95,1,(x1),197226,-2420,1476890,-5293,25837965,https://kworb.net/spotify/track/1WitbPTd3SjoUJOWobxzVF.html
2026-07-13,IT,Italy,kworb_spotify_daily,7,+1,3xPMN6Ojy4uV0jicQf5dYZ,AYAYAY,"[""23TFHmajVfBtlRx5MXqgoz"", ""1cKyknhftNKXCjMBd2hDrG""]","[""Sfera Ebbasta"", ""DYSTINCT""]","Sfera Ebbasta, DYSTINCT",39,5,,191479,7224,1417677,2551,8011895,https://kworb.net/spotify/track/3xPMN6Ojy4uV0jicQf5dYZ.html
2026-07-13,IT,Italy,kworb_spotify_daily,8,+1,16lyLmCVYv9Tvj6iGXKAAm,Da Dio,"[""7FeObngbQ0GY3SojNwKdKn""]","[""Bresh""]",Bresh,60,6,,189289,12939,1426491,-6622,11561077,https://kworb.net/spotify/track/16lyLmCVYv9Tvj6iGXKAAm.html
2026-07-13,IT,Italy,kworb_spotify_daily,9,-2,4uDzwzT9vjM6pUnhxmClxK,AL MIO PAESE,"[""7108jelN43seqWILMvJwKi"", ""5mTg1ztZByLRHsOEtwmT4G"", ""0BjRnUqiITQwjqGtTeoxUS""]","[""Serena Brancale"", ""Levante"", ""DELIA""]","Serena Brancale, Levante, DELIA",102,4,,170431,-15084,1291335,2665,17398991,https://kworb.net/spotify/track/4uDzwzT9vjM6pUnhxmClxK.html
2026-07-13,IT,Italy,kworb_spotify_daily,10,=,3jG1o72wNvvjQn2kDoNsIu,ROMANTICA,"[""3hN3iJMbbBmqBSAMx5veDa""]","[""Ultimo""]",Ultimo,53,2,(x1),168499,1429,1377966,-41576,9563016,https://kworb.net/spotify/track/3jG1o72wNvvjQn2kDoNsIu.html
2026-07-13,IT,Italy,kworb_spotify_daily,11,+1,6S9jhAReGPzub7RkRbv8HM,2 GIORNI DI FILA,"[""27LlKWxS3KXW7RRAxN5S8s"", ""23TFHmajVfBtlRx5MXqgoz"", ""7K80yOTC0Id95gRaOxDG5u""]","[""Geolier"", ""Sfera Ebbasta"", ""ANNA""]","Geolier, Sfera Ebbasta, ANNA",179,1,(x14),165359,12752,1218940,-949,37544884,https://kworb.net/spotify/track/6S9jhAReGPzub7RkRbv8HM.html
2026-07-13,IT,Italy,kworb_spotify_daily,12,-1,6Y1SibRCnVlbaa7dS8slzr,Sorry Scusa Lo Siento,"[""6RdcIWVKYYzNzjQRd3oyHS""]","[""Pinguini Tattici Nucleari""]",Pinguini Tattici Nucleari,60,2,(x1),154420,556,1141703,2592,10948253,https://kworb.net/spotify/track/6Y1SibRCnVlbaa7dS8slzr.html
2026-07-13,IT,Italy,kworb_spotify_daily,13,=,6bdTp8Jkp3IAU15rVPWFuJ,DAVVERODAVVERO,"[""2R4kNOwHUUsuDYhKsESVbF""]","[""Artie 5ive""]",Artie 5ive,213,2,(x6),151237,5212,1111373,11045,33245671,https://kworb.net/spotify/track/6bdTp8Jkp3IAU15rVPWFuJ.html
2026-07-13,IT,Italy,kworb_spotify_daily,14,=,0y7D9JFF6APyFc18atzG9n,Splinter Cell,"[""1dlyjeDlgXalzt5oqbgWDs"", ""2ifTEcQqKSPwijIEcPHQ1R"", ""38CThoTDmXugNnfonW466d"", ""1l1A1U8VJM15W7zonFqKhg""]","[""G.Mineiro"", ""Flatpearl"", ""Jiz"", ""Succo""]","G.Mineiro, Flatpearl, Jiz, Succo",49,6,,148253,4006,1105081,-6561,8392195,https://kworb.net/spotify/track/0y7D9JFF6APyFc18atzG9n.html
2026-07-13,IT,Italy,kworb_spotify_daily,15,+1,3CaLAEZ5u8PEiylYQVIv10,Obsessed,"[""2K5nCggbhSZ00YCYP5qkZS"", ""7K80yOTC0Id95gRaOxDG5u""]","[""Shiva"", ""ANNA""]","Shiva, ANNA",95,2,(x16),143536,3375,1082808,-9874,24075600,https://kworb.net/spotify/track/3CaLAEZ5u8PEiylYQVIv10.html
2026-07-13,IT,Italy,kworb_spotify_daily,16,-1,0kosUz0jePvjiz4ctmR6wL,Dai Dai,"[""0EmeFodog0BfCgMzAIvKQp"", ""3wcj11K77LjEY1PkEazffa""]","[""Shakira"", ""Burna Boy""]","Shakira, Burna Boy",33,15,,138307,-4622,1011760,9008,3847191,https://kworb.net/spotify/track/0kosUz0jePvjiz4ctmR6wL.html
2026-07-13,IT,Italy,kworb_spotify_daily,17,=,2n4L2a5xgpJmPdLzDl3mE6,Maladie,"[""51OKuyM4BiiYxFm8Mi6fa9""]","[""Mauvais djo""]",Mauvais djo,68,14,,137782,-1387,1042729,-2607,9701517,https://kworb.net/spotify/track/2n4L2a5xgpJmPdLzDl3mE6.html
2026-07-13,IT,Italy,kworb_spotify_daily,18,+1,7aNsNTpMq7D4fffUiYKXNR,Giovani Re,"[""23TFHmajVfBtlRx5MXqgoz""]","[""Sfera Ebbasta""]",Sfera Ebbasta,197,9,,136160,2399,965474,22338,24547270,https://kworb.net/spotify/track/7aNsNTpMq7D4fffUiYKXNR.html
2026-07-13,IT,Italy,kworb_spotify_daily,19,-1,5zEcbencrcP0p5Z8508vWz,Talk To You (ft. 54 Ultra),"[""4p5WgeiPSPpqPDs7T6OkWf""]","[""ANOTR""]",ANOTR,32,16,,133786,-4487,991872,12693,4442599,https://kworb.net/spotify/track/5zEcbencrcP0p5Z8508vWz.html
2026-07-13,IT,Italy,kworb_spotify_daily,20,=,549DrPfwUQuZB3q53WQh1z,FLAMENCO PARANOIA,"[""2n0Ki4A5tKTEloq3WCt1IH"", ""2QJ1AReDewmz4fcRhGxW6Y""]","[""Samurai Jay"", ""Vito Salamanca""]","Samurai Jay, Vito Salamanca",53,20,,131471,3562,914829,10434,5510256,https://kworb.net/spotify/track/549DrPfwUQuZB3q53WQh1z.html
2026-07-13,IT,Italy,kworb_spotify_daily,21,+2,3I9z79CW67VLa4wCH3dkhQ,AUTORITÀ,"[""27LlKWxS3KXW7RRAxN5S8s""]","[""Geolier""]",Geolier,40,1,(x1),127767,3568,969590,-13451,7002942,https://kworb.net/spotify/track/3I9z79CW67VLa4wCH3dkhQ.html
2026-07-13,IT,Italy,kworb_spotify_daily,22,-1,3JjyzXQ07ODREBhJknQgLS,Canto d’amore (con Marco Mengoni),"[""1A6HBLulvBFzNtlMb7b08f"", ""3xGlLcG9CUrs5MvFkSLOS5""]","[""Angelina Mango"", ""Marco Mengoni""]","Angelina Mango, Marco Mengoni",32,15,,126257,-669,987988,-14325,4097362,https://kworb.net/spotify/track/3JjyzXQ07ODREBhJknQgLS.html
2026-07-13,IT,Italy,kworb_spotify_daily,23,+3,5qqabIl2vWzo9ApSC317sa,Wonderwall - Remastered,"[""2DaxqgrOhkeH0fpeiQq2f4""]","[""Oasis""]",Oasis,594,23,,125333,6008,731213,34749,13177025,https://kworb.net/spotify/track/5qqabIl2vWzo9ApSC317sa.html
2026-07-13,IT,Italy,kworb_spotify_daily,24,+3,2qPmfC6698p228q3F1Zlbk,SONO IO IL PASS,"[""7K80yOTC0Id95gRaOxDG5u""]","[""ANNA""]",ANNA,4,4,,123948,6545,696685,123948,696685,https://kworb.net/spotify/track/2qPmfC6698p228q3F1Zlbk.html
2026-07-13,IT,Italy,kworb_spotify_daily,25,-3,6iOndD4OFo7GkaDypWQIou,La Plena - W Sound 05,"[""5uwa6tAMMfNbBFIHiI6NV4"", ""7a0XAaPaK2aDSqa8p3QnC7"", ""3m5qlPf2OkihLz3dRYnkPA""]","[""W Sound"", ""Beéle"", ""Ovy On The Drums""]","W Sound, Beéle, Ovy On The Drums",469,1,(x13),123772,-1675,929302,483,90536509,https://kworb.net/spotify/track/6iOndD4OFo7GkaDypWQIou.html
2026-07-13,IT,Italy,kworb_spotify_daily,26,-2,53GaYNLUejzouMIDRaukD1,Cabana,"[""5iot8OPcosJN9nCl7I5SdK""]","[""Irama""]",Irama,56,22,,123426,2016,896470,7419,4992073,https://kworb.net/spotify/track/53GaYNLUejzouMIDRaukD1.html
2026-07-13,IT,Italy,kworb_spotify_daily,27,-2,40UibIQfdcyLJDgfDDA2MR,SCONTROSA,"[""7K80yOTC0Id95gRaOxDG5u""]","[""ANNA""]",ANNA,4,6,,120687,1104,662298,120687,662298,https://kworb.net/spotify/track/40UibIQfdcyLJDgfDDA2MR.html
2026-07-13,IT,Italy,kworb_spotify_daily,28,+3,0TJYJrUDKQ1btt4g0Xwklw,LA GRACIOSA,"[""52iwsT98xCoGgiGntTiR7K"", ""1c22GXH30ijlOfXhfLz9Df""]","[""Quevedo"", ""Elvis Crespo""]","Quevedo, Elvis Crespo",64,20,,119318,5052,885193,-2263,5809527,https://kworb.net/spotify/track/0TJYJrUDKQ1btt4g0Xwklw.html
2026-07-13,IT,Italy,kworb_spotify_daily,29,+5,4uzXo3sUkY7xXelBvj1L7A,MILLION DOLLAR BABE,"[""7K80yOTC0Id95gRaOxDG5u""]","[""ANNA""]",ANNA,4,2,(x1),115333,5036,705894,115333,705894,https://kworb.net/spotify/track/4uzXo3sUkY7xXelBvj1L7A.html
2026-07-13,IT,Italy,kworb_spotify_daily,30,-2,5ukcsJ6xFum4aGyd4s2clw,STELLE,"[""27LlKWxS3KXW7RRAxN5S8s""]","[""Geolier""]",Geolier,179,4,,114949,-1405,908055,-19167,22252494,https://kworb.net/spotify/track/5ukcsJ6xFum4aGyd4s2clw.html
2026-07-13,IT,Italy,kworb_spotify_daily,31,+4,6UrPST46XxYPqbAAThhSMS,VOLEVO CAPIRE CON MARRACASH,"[""1vgQksyJ0IVz8y9XerEOy3"", ""5AZuEF0feCXMkUCwQiQlW7""]","[""Madame"", ""Marracash""]","Madame, Marracash",88,12,,113121,4310,847756,-2779,11250746,https://kworb.net/spotify/track/6UrPST46XxYPqbAAThhSMS.html
2026-07-13,IT,Italy,kworb_spotify_daily,32,-2,5TFD2bmFKGhoCRbX61nXY5,NUEVAYoL,"[""4q3ewBCX7sLwd24euuV69X""]","[""Bad Bunny""]",Bad Bunny,554,2,(x11),110925,-3421,841029,-337,75048220,https://kworb.net/spotify/track/5TFD2bmFKGhoCRbX61nXY5.html
2026-07-13,IT,Italy,kworb_spotify_daily,33,=,4oYTKjG6JYD0Fn8xxAZy2w,BUONA DOMENICA,"[""3HAwumPgGOSXlZSyGWuLhB""]","[""Sayf""]",Sayf,96,18,,109697,-1017,801927,10210,7732704,https://kworb.net/spotify/track/4oYTKjG6JYD0Fn8xxAZy2w.html
2026-07-13,IT,Italy,kworb_spotify_daily,34,-5,7e4zDInS6tA2jwzphvs2Ay,Jamaican (Bam Bam),"[""5PlfkPxwCpRRWQJBxCa0By"", ""0F3tUZeb9dLNEpxCpzEBQt""]","[""HUGEL"", ""SOLTO (FR)""]","HUGEL, SOLTO (FR)",102,24,,109252,-5829,819570,6064,8336260,https://kworb.net/spotify/track/7e4zDInS6tA2jwzphvs2Ay.html
2026-07-13,IT,Italy,kworb_spotify_daily,35,+1,7vc09IDmFH0MfyPYHPEWRM,AMOR,"[""0lI3rF4hi4op6UxqlLHPzv""]","[""Achille Lauro""]",Achille Lauro,452,5,,108527,-36,805184,-1397,72103417,https://kworb.net/spotify/track/7vc09IDmFH0MfyPYHPEWRM.html
2026-07-13,IT,Italy,kworb_spotify_daily,36,+2,6QFCMUUq1T2Vf5sFUXcuQ7,Beauty And A Beat,"[""1uNFoZAHBGtllmzznpCI3s"", ""0hCNtLu0JehylgoiP8L4Gh""]","[""Justin Bieber"", ""Nicki Minaj""]","Justin Bieber, Nicki Minaj",93,3,(x2),107230,1924,798095,-2302,16287519,https://kworb.net/spotify/track/6QFCMUUq1T2Vf5sFUXcuQ7.html
2026-07-13,IT,Italy,kworb_spotify_daily,37,-5,3sK8wGT43QFpWrvNQsrQya,DtMF,"[""4q3ewBCX7sLwd24euuV69X""]","[""Bad Bunny""]",Bad Bunny,552,1,(x24),106650,-4537,811039,-662,90390218,https://kworb.net/spotify/track/3sK8wGT43QFpWrvNQsrQya.html
2026-07-13,IT,Italy,kworb_spotify_daily,38,-1,5vdmfjy5CVrV0xYEcO2f4Q,Buon Vento,"[""7tmMPdOmFvdRvbj2aWoiRi"", ""7GacyaFUp0qkEJglERX9N7""]","[""Jovanotti"", ""Alfa""]","Jovanotti, Alfa",53,23,,106601,-1226,795244,-4181,6135690,https://kworb.net/spotify/track/5vdmfjy5CVrV0xYEcO2f4Q.html
2026-07-13,IT,Italy,kworb_spotify_daily,39,=,77uiPp5CwS14DPThQSLsNs,QUANDO DORME LA CITTÀ,"[""3hN3iJMbbBmqBSAMx5veDa""]","[""Ultimo""]",Ultimo,25,19,,103210,3554,883088,-30261,2457136,https://kworb.net/spotify/track/77uiPp5CwS14DPThQSLsNs.html
2026-07-13,IT,Italy,kworb_spotify_daily,40,=,0P0GZSQTYSdCPzQar8Rbqf,ACQUARIO,"[""3hN3iJMbbBmqBSAMx5veDa""]","[""Ultimo""]",Ultimo,186,2,(x1),102111,5356,897757,-34303,20033476,https://kworb.net/spotify/track/0P0GZSQTYSdCPzQar8Rbqf.html
2026-07-13,IT,Italy,kworb_spotify_daily,41,+6,4qW3BbQAwZsrnu8a3ZRdyT,Self Aware,"[""5mHUmlJWkcoOk1NbjfrXWz""]","[""Temper City""]",Temper City,97,35,,101643,10455,732384,496,8563802,https://kworb.net/spotify/track/4qW3BbQAwZsrnu8a3ZRdyT.html
2026-07-13,IT,Italy,kworb_spotify_daily,42,+4,28v57vssZ488EEIBivY3NF,Ogni Male,"[""5SulO4l40qDuV9zUGLZx7n""]","[""Capo Plaza""]",Capo Plaza,256,17,,97762,6068,695269,4495,20014525,https://kworb.net/spotify/track/28v57vssZ488EEIBivY3NF.html
2026-07-13,IT,Italy,kworb_spotify_daily,43,=,0jkAr7eZsvWDLYiQCfaxak,NEON,"[""23TFHmajVfBtlRx5MXqgoz"", ""2K5nCggbhSZ00YCYP5qkZS""]","[""Sfera Ebbasta"", ""Shiva""]","Sfera Ebbasta, Shiva",459,1,(x26),97149,4226,682454,19921,88592524,https://kworb.net/spotify/track/0jkAr7eZsvWDLYiQCfaxak.html
2026-07-13,IT,Italy,kworb_spotify_daily,44,=,3yaRrdo3DDeKgDaubuBsId,Cantilene,"[""4rj3KWaLAnuxgtMMkypZhf"", ""25u1DN0MwQVSav4XoJS7hl""]","[""Juli"", ""Olly""]","Juli, Olly",81,5,,97067,4370,732940,-4737,10640094,https://kworb.net/spotify/track/3yaRrdo3DDeKgDaubuBsId.html
2026-07-13,IT,Italy,kworb_spotify_daily,45,+4,7i0zYckMTyvLyKAFxfOKIS,SOGNO AMERICANO,"[""2R4kNOwHUUsuDYhKsESVbF""]","[""Artie 5ive""]",Artie 5ive,473,1,(x5),96024,6002,683204,8670,62613437,https://kworb.net/spotify/track/7i0zYckMTyvLyKAFxfOKIS.html
2026-07-13,IT,Italy,kworb_spotify_daily,46,-4,3UUqp8cf3sWFSmxw6r0Tqm,I romantici,"[""47z0zz9ZMCn9GBiPRTn5Bc""]","[""Tommaso Paradiso""]",Tommaso Paradiso,139,9,,95847,1560,704518,-1244,22378464,https://kworb.net/spotify/track/3UUqp8cf3sWFSmxw6r0Tqm.html
2026-07-13,IT,Italy,kworb_spotify_daily,47,+5,5LN0gLSxSEaigog3VjCci3,Babyface,"[""2K5nCggbhSZ00YCYP5qkZS"", ""0EUR8jz8L936AEbV2Spkca""]","[""Shiva"", ""Kid Yugi""]","Shiva, Kid Yugi",95,2,(x2),94561,6556,700477,-2218,17943619,https://kworb.net/spotify/track/5LN0gLSxSEaigog3VjCci3.html
2026-07-13,IT,Italy,kworb_spotify_daily,48,=,3nZ1pM1DxcfAAf9QxIhnpo,SAFARI,"[""7K80yOTC0Id95gRaOxDG5u""]","[""ANNA""]",ANNA,4,7,,93707,3075,565677,93707,565677,https://kworb.net/spotify/track/3nZ1pM1DxcfAAf9QxIhnpo.html
2026-07-13,IT,Italy,kworb_spotify_daily,49,-4,2lTm559tuIvatlT1u0JYG2,BAILE INoLVIDABLE,"[""4q3ewBCX7sLwd24euuV69X""]","[""Bad Bunny""]",Bad Bunny,550,3,(x2),93437,1266,700029,2224,50685949,https://kworb.net/spotify/track/2lTm559tuIvatlT1u0JYG2.html
2026-07-13,IT,Italy,kworb_spotify_daily,50,-9,0HS9jzQvqyEyVLuo7sskFO,Stupida sfortuna,"[""1QeqGmpgU5Yg74GNcjIIq3""]","[""Fulminacci""]",Fulminacci,139,3,(x1),93243,-2291,731486,-7488,26452141,https://kworb.net/spotify/track/0HS9jzQvqyEyVLuo7sskFO.html
2026-07-13,IT,Italy,kworb_spotify_daily,51,=,1VX2LLBpUPS2QJVou4WGz3,Questa domenica,"[""25u1DN0MwQVSav4XoJS7hl"", ""4rj3KWaLAnuxgtMMkypZhf""]","[""Olly"", ""Juli""]","Olly, Juli",320,1,(x38),92656,4483,722631,-18722,62685457,https://kworb.net/spotify/track/1VX2LLBpUPS2QJVou4WGz3.html
2026-07-13,IT,Italy,kworb_spotify_daily,52,+1,55wR6hA738HnTk4F1z23oR,HONEY,"[""7K80yOTC0Id95gRaOxDG5u""]","[""ANNA""]",ANNA,4,14,,90590,3438,516142,90590,516142,https://kworb.net/spotify/track/55wR6hA738HnTk4F1z23oR.html
2026-07-13,IT,Italy,kworb_spotify_daily,53,+1,45vry78xJDOxCzW6oPbLyN,Cuore rotto,"[""6PsQc21YZU7WNfiODG69Qk""]","[""Tony Boy""]",Tony Boy,39,1,(x1),90200,3839,664467,-4804,6203784,https://kworb.net/spotify/track/45vry78xJDOxCzW6oPbLyN.html
2026-07-13,IT,Italy,kworb_spotify_daily,54,+1,5ZliWdrEfiHceXVGnGzlxA,Serenamente,"[""4rj3KWaLAnuxgtMMkypZhf"", ""7FeObngbQ0GY3SojNwKdKn""]","[""Juli"", ""Bresh""]","Juli, Bresh",81,5,,88915,3015,669127,-5360,10028389,https://kworb.net/spotify/track/5ZliWdrEfiHceXVGnGzlxA.html
2026-07-13,IT,Italy,kworb_spotify_daily,55,-5,4TTJpJqCoG1HrXhnNENqAp,Bandito,"[""26toJml6wSdf58ZgNG0ci9"", ""6HQ27YefiitrZ9YsWrgRHX""]","[""Dipinto"", ""Fresh Beatz""]","Dipinto, Fresh Beatz",25,30,,85756,-3201,631759,-1420,2527263,https://kworb.net/spotify/track/4TTJpJqCoG1HrXhnNENqAp.html
2026-07-13,IT,Italy,kworb_spotify_daily,56,+4,4vTsKN15Kqo3Geo9r7FhAN,Movin' To The Sun,"[""5PlfkPxwCpRRWQJBxCa0By"", ""17yREPqyU875WJnX9U082A"", ""1cK2Abwkni7m51wJCSGllN""]","[""HUGEL"", ""Imael Angel"", ""Ultra Naté""]","HUGEL, Imael Angel, Ultra Naté",20,56,,84841,4916,597790,15851,1433817,https://kworb.net/spotify/track/4vTsKN15Kqo3Geo9r7FhAN.html
2026-07-13,IT,Italy,kworb_spotify_daily,57,+6,1i41RQ2km1sO8JD6fFVCxX,Mayday,"[""2K5nCggbhSZ00YCYP5qkZS"", ""0jdNdfi4vAuVi7a6cPDFBM"", ""23TFHmajVfBtlRx5MXqgoz""]","[""Shiva"", ""Lazza"", ""Sfera Ebbasta""]","Shiva, Lazza, Sfera Ebbasta",95,5,,83486,4961,612509,1185,14972009,https://kworb.net/spotify/track/1i41RQ2km1sO8JD6fFVCxX.html
2026-07-13,IT,Italy,kworb_spotify_daily,58,-2,25idOmfSOCGGdgPhw9iCRm,Ora che non ho più te,"[""396Jr76018oUMR6QBnqT8T""]","[""Cesare Cremonini""]",Cesare Cremonini,658,1,(x7),83123,230,628741,-9951,107546782,https://kworb.net/spotify/track/25idOmfSOCGGdgPhw9iCRm.html
2026-07-13,IT,Italy,kworb_spotify_daily,59,-1,7MMJa7cjMadOSR6CFWvB1x,La musica non c'è,"[""5dXlc7MnpaTeUIsHLVe3n4""]","[""Coez""]",Coez,2175,1,(x76),83077,583,600639,3158,167100768,https://kworb.net/spotify/track/7MMJa7cjMadOSR6CFWvB1x.html
2026-07-13,IT,Italy,kworb_spotify_daily,60,+4,2qf4KviAhT4cNGydUT28Qo,Labirinto,"[""3yiEJ9SByXZMXTwaKdVFN4""]","[""Luchè""]",Luchè,139,3,(x1),82148,3818,627129,-3264,26196748,https://kworb.net/spotify/track/2qf4KviAhT4cNGydUT28Qo.html
2026-07-13,IT,Italy,kworb_spotify_daily,61,+6,6VNXmo59yDYgcwLS17UNAW,CAFé CON RON,"[""4q3ewBCX7sLwd24euuV69X"", ""1uZVxckdGGKhFMpCnupXmP""]","[""Bad Bunny"", ""Los Pleneros de la Cresta""]","Bad Bunny, Los Pleneros de la Cresta",178,42,,81712,4437,564930,9343,13635471,https://kworb.net/spotify/track/6VNXmo59yDYgcwLS17UNAW.html
2026-07-13,IT,Italy,kworb_spotify_daily,62,+4,3l109GEhkVYrTvDoKuNGlu,BERLINO,"[""3fhMfkPPzksWuw0hEm4ldm""]","[""Ernia""]",Ernia,286,13,,80654,3070,627224,-1947,28895355,https://kworb.net/spotify/track/3l109GEhkVYrTvDoKuNGlu.html
2026-07-13,IT,Italy,kworb_spotify_daily,63,-6,1IHWl5LamUGEuP4ozKQSXZ,Tití Me Preguntó,"[""4q3ewBCX7sLwd24euuV69X""]","[""Bad Bunny""]",Bad Bunny,765,5,,80507,-2128,605384,-1205,82144465,https://kworb.net/spotify/track/1IHWl5LamUGEuP4ozKQSXZ.html
2026-07-13,IT,Italy,kworb_spotify_daily,64,-5,7J1uxwnxfQLu4APicE5Rnj,Billie Jean,"[""3fMbdgg4jU18AjLCKBhRSm""]","[""Michael Jackson""]",Michael Jackson,92,8,,79544,-1707,607105,-3991,11004227,https://kworb.net/spotify/track/7J1uxwnxfQLu4APicE5Rnj.html
2026-07-13,IT,Italy,kworb_spotify_daily,65,=,4hFDFmMnSYZ32ssqNUOCjt,Magnetic,"[""7krakxeyEmge6pzTthKNyg""]","[""The Bausa""]",The Bausa,47,63,,78382,302,573325,8227,3177386,https://kworb.net/spotify/track/4hFDFmMnSYZ32ssqNUOCjt.html
2026-07-13,IT,Italy,kworb_spotify_daily,66,+13,6n5g6FiWp9NudnRnUwyoZN,Malpensa,"[""1dlyjeDlgXalzt5oqbgWDs"", ""2ifTEcQqKSPwijIEcPHQ1R"", ""1l1A1U8VJM15W7zonFqKhg""]","[""G.Mineiro"", ""Flatpearl"", ""Succo""]","G.Mineiro, Flatpearl, Succo",8,66,,77933,8067,482937,27282,533588,https://kworb.net/spotify/track/6n5g6FiWp9NudnRnUwyoZN.html
2026-07-13,IT,Italy,kworb_spotify_daily,67,-5,1YaSQXYPqhwtw35Wf3Z0nI,L'Amore Non Mi Basta,"[""0gzwXezN4IUHAwLufA6YcX""]","[""Emma""]",Emma,409,1,(x14),77642,-1518,629995,-9648,36988453,https://kworb.net/spotify/track/1YaSQXYPqhwtw35Wf3Z0nI.html
2026-07-13,IT,Italy,kworb_spotify_daily,68,+6,27teXnNekA5jBFLCcsCFoq,7ELEVEN,"[""2R4kNOwHUUsuDYhKsESVbF""]","[""Artie 5ive""]",Artie 5ive,361,7,,75471,3007,535570,2249,39481738,https://kworb.net/spotify/track/27teXnNekA5jBFLCcsCFoq.html
2026-07-13,IT,Italy,kworb_spotify_daily,69,+4,4MR5DmTbTZUA9asyyUmJgP,PIENXA EN MI,"[""2LRoIwlKmHjgvigdNGBHNo"", ""23TFHmajVfBtlRx5MXqgoz""]","[""Feid"", ""Sfera Ebbasta""]","Feid, Sfera Ebbasta",32,43,,75384,2230,520550,16624,2440670,https://kworb.net/spotify/track/4MR5DmTbTZUA9asyyUmJgP.html
2026-07-13,IT,Italy,kworb_spotify_daily,70,-1,4rDCRcln8WCHWPRt0YTFLs,MUCHACHA,"[""6RWMnZmXs8Ob715qLr4374"", ""2CCgb0KApjfQDuTppovpf8"", ""3g9MKjIP9xrMTY5Pbwr6Nk""]","[""Aissa"", ""Rvfv"", ""Kreamly""]","Aissa, Rvfv, Kreamly",39,61,,74974,-847,578270,-2316,2745242,https://kworb.net/spotify/track/4rDCRcln8WCHWPRt0YTFLs.html
2026-07-13,IT,Italy,kworb_spotify_daily,71,-10,2qoacuHNUgG2GQ0e5KhR7D,TU MI PIACI TANTO,"[""3HAwumPgGOSXlZSyGWuLhB"", ""01XCyobLTxOrswogL7YNIu"", ""38CThoTDmXugNnfonW466d""]","[""Sayf"", ""Dibla"", ""Jiz""]","Sayf, Dibla, Jiz",67,9,,74720,-4570,568865,-1722,7588404,https://kworb.net/spotify/track/2qoacuHNUgG2GQ0e5KhR7D.html
2026-07-13,IT,Italy,kworb_spotify_daily,72,=,3Vac8kKIqOTCEE3nuaIcec,Pilé,"[""51OKuyM4BiiYxFm8Mi6fa9""]","[""Mauvais djo""]",Mauvais djo,21,70,,74131,909,528598,5265,1490695,https://kworb.net/spotify/track/3Vac8kKIqOTCEE3nuaIcec.html
2026-07-13,IT,Italy,kworb_spotify_daily,73,-5,7os93Vpc5gJ40Fm0QC48a8,ARCOBALENO,"[""27LlKWxS3KXW7RRAxN5S8s"", ""2R21vXR83lH98kGeO99Y66""]","[""Geolier"", ""Anuel AA""]","Geolier, Anuel AA",179,2,(x3),73520,-2380,572263,-7693,22470743,https://kworb.net/spotify/track/7os93Vpc5gJ40Fm0QC48a8.html
2026-07-13,IT,Italy,kworb_spotify_daily,74,+6,4Z43nMEiOiNeDrqu2BN0JD,La tua canzone,"[""5dXlc7MnpaTeUIsHLVe3n4""]","[""Coez""]",Coez,816,13,,73124,3537,536825,-3339,62521878,https://kworb.net/spotify/track/4Z43nMEiOiNeDrqu2BN0JD.html
2026-07-13,IT,Italy,kworb_spotify_daily,75,+24,1ej2NcW0CHnscPp1RZpr1V,Devastante,"[""25u1DN0MwQVSav4XoJS7hl"", ""4rj3KWaLAnuxgtMMkypZhf""]","[""Olly"", ""Juli""]","Olly, Juli",858,3,(x9),72068,9416,539313,-7912,140552094,https://kworb.net/spotify/track/1ej2NcW0CHnscPp1RZpr1V.html
2026-07-13,IT,Italy,kworb_spotify_daily,76,+7,00URgxWgyVoybGLhhmKr7g,Tu Me Quieres - Prod. by Higashi x Roberto Ferrante,"[""3LvwPiJQJ0da0GurKMToV0"", ""1UjxAZqzphB1tsMb1aWBj0"", ""1eBPcZCSWh1EAv0aOXusye"", ""2aiM1OfMODFLUXaQgEVPK1""]","[""Baby Gang"", ""Omega"", ""Higashi"", ""Roberto Ferrante""]","Baby Gang, Omega, Higashi, Roberto Ferrante",636,9,,71105,2855,523362,6938,64967415,https://kworb.net/spotify/track/00URgxWgyVoybGLhhmKr7g.html
2026-07-13,IT,Italy,kworb_spotify_daily,77,-6,5pk3bAZLMs1PqdMuHITZU9,Perdutamente,"[""0lI3rF4hi4op6UxqlLHPzv""]","[""Achille Lauro""]",Achille Lauro,221,12,,71065,-2538,569871,-10998,25051205,https://kworb.net/spotify/track/5pk3bAZLMs1PqdMuHITZU9.html
2026-07-13,IT,Italy,kworb_spotify_daily,78,+8,2MBfz73GRofl4nPbCcIr6L,DON'T TELL NOBODY,"[""7K80yOTC0Id95gRaOxDG5u""]","[""ANNA""]",ANNA,4,10,,70723,3093,469098,70723,469098,https://kworb.net/spotify/track/2MBfz73GRofl4nPbCcIr6L.html
2026-07-13,IT,Italy,kworb_spotify_daily,79,-2,2qBPVhXAvX3kTFp2mk46gn,Via dei Mille,"[""26toJml6wSdf58ZgNG0ci9"", ""6HQ27YefiitrZ9YsWrgRHX""]","[""Dipinto"", ""Fresh Beatz""]","Dipinto, Fresh Beatz",123,4,,70537,151,529660,-1050,17578071,https://kworb.net/spotify/track/2qBPVhXAvX3kTFp2mk46gn.html
2026-07-13,IT,Italy,kworb_spotify_daily,80,+2,46w75NfLpau9juuoeiY3ZM,COME SE NON FOSSI NEI GUAI,"[""23TFHmajVfBtlRx5MXqgoz"", ""2K5nCggbhSZ00YCYP5qkZS""]","[""Sfera Ebbasta"", ""Shiva""]","Sfera Ebbasta, Shiva",394,10,,70373,1837,532551,1117,35390183,https://kworb.net/spotify/track/46w75NfLpau9juuoeiY3ZM.html
2026-07-13,IT,Italy,kworb_spotify_daily,81,-5,2fqbBzhl01hcq6JRYoIo11,UN RICCO E UN POVERO,"[""27LlKWxS3KXW7RRAxN5S8s""]","[""Geolier""]",Geolier,71,6,,68206,-2774,549777,-14919,7839232,https://kworb.net/spotify/track/2fqbBzhl01hcq6JRYoIo11.html
2026-07-13,IT,Italy,kworb_spotify_daily,82,+16,5eVWsjUs8OUajXFUWk9fXo,Devo Andare Con Le Mie Winx,"[""1dlyjeDlgXalzt5oqbgWDs"", ""44DWomjW1oDuxIoBIRpmQ4"", ""2ifTEcQqKSPwijIEcPHQ1R"", ""1l1A1U8VJM15W7zonFqKhg""]","[""G.Mineiro"", ""Rhove"", ""Flatpearl"", ""Succo""]","G.Mineiro, Rhove, Flatpearl, Succo",39,31,,67971,4911,492419,-664,3494627,https://kworb.net/spotify/track/5eVWsjUs8OUajXFUWk9fXo.html
2026-07-13,IT,Italy,kworb_spotify_daily,83,+4,6mwHTWc7bdlBsiR6s6QFGl,CUORE IN OFF,"[""7K80yOTC0Id95gRaOxDG5u""]","[""ANNA""]",ANNA,4,17,,67712,1427,426775,67712,426775,https://kworb.net/spotify/track/6mwHTWc7bdlBsiR6s6QFGl.html
2026-07-13,IT,Italy,kworb_spotify_daily,84,+5,4DnrAI8WyUY6gkOwl8GlPN,capaz (merengueton),"[""3DeOmVSmpv7WknXoo1OS8p"", ""4eq1q0o9XPyNq9RG3fNDD1""]","[""Alleh"", ""Yorghaki""]","Alleh, Yorghaki",548,10,,67468,1492,500149,-668,57746048,https://kworb.net/spotify/track/4DnrAI8WyUY6gkOwl8GlPN.html
2026-07-13,IT,Italy,kworb_spotify_daily,85,+5,6Qyc6fS4DsZjB2mRW9DsQs,Iris,"[""2sil8z5kiy4r76CRTXxBCA""]","[""The Goo Goo Dolls""]",The Goo Goo Dolls,525,48,,67280,1539,476559,5711,32842898,https://kworb.net/spotify/track/6Qyc6fS4DsZjB2mRW9DsQs.html
2026-07-13,IT,Italy,kworb_spotify_daily,86,+2,1A1xTBtNnJ09JNINiLjdOK,ALTROVE,"[""3hN3iJMbbBmqBSAMx5veDa""]","[""Ultimo""]",Ultimo,410,13,,67051,767,538997,-12549,49220421,https://kworb.net/spotify/track/1A1xTBtNnJ09JNINiLjdOK.html
2026-07-13,IT,Italy,kworb_spotify_daily,87,-2,347HJzwbn0cmrxJUmAXj5c,MAI PER SEMPRE,"[""27LlKWxS3KXW7RRAxN5S8s"", ""6JhUHne9H09NdkTI5E9GSt""]","[""Geolier"", ""Dardust""]","Geolier, Dardust",193,29,,66910,-949,504306,427,13082383,https://kworb.net/spotify/track/347HJzwbn0cmrxJUmAXj5c.html
2026-07-13,IT,Italy,kworb_spotify_daily,88,+8,7yNf9YjeO5JXUE3JEBgnYc,Babydoll,"[""6USv9qhCn6zfxlBQIYJ9qs""]","[""Dominic Fike""]",Dominic Fike,149,18,,66742,3363,474125,-1907,14377450,https://kworb.net/spotify/track/7yNf9YjeO5JXUE3JEBgnYc.html
2026-07-13,IT,Italy,kworb_spotify_daily,89,-8,1QMGYNbDtHIRzDMKugpg7t,Balorda nostalgia,"[""25u1DN0MwQVSav4XoJS7hl"", ""4rj3KWaLAnuxgtMMkypZhf""]","[""Olly"", ""Juli""]","Olly, Juli",281,3,(x4),66522,-2541,542433,-11748,35062322,https://kworb.net/spotify/track/1QMGYNbDtHIRzDMKugpg7t.html
2026-07-13,IT,Italy,kworb_spotify_daily,90,-15,5oJVfPUHsD7A8bZtKVqgL2,L'ULTIMA POESIA,"[""27LlKWxS3KXW7RRAxN5S8s"", ""3hN3iJMbbBmqBSAMx5veDa"", ""76UCIJTB0jcJvBaL0CdIqx""]","[""Geolier"", ""Ultimo"", ""Takagi & Ketra""]","Geolier, Ultimo, Takagi & Ketra",611,10,,66357,-4751,556471,-19380,60395744,https://kworb.net/spotify/track/5oJVfPUHsD7A8bZtKVqgL2.html
2026-07-13,IT,Italy,kworb_spotify_daily,91,-21,0gkV0FyCdrJqwyrFW7NsEQ,Come mai,"[""6bMul6rmRS03x38tWKYifO""]","[""883""]",883,428,63,,66103,-7755,503906,4137,26339239,https://kworb.net/spotify/track/0gkV0FyCdrJqwyrFW7NsEQ.html
2026-07-13,IT,Italy,kworb_spotify_daily,92,+3,6RRxP0B9bVZnbTnSpxfo9W,Spie,"[""2K5nCggbhSZ00YCYP5qkZS""]","[""Shiva""]",Shiva,95,2,(x1),66038,2404,492373,2019,14739663,https://kworb.net/spotify/track/6RRxP0B9bVZnbTnSpxfo9W.html
2026-07-13,IT,Italy,kworb_spotify_daily,93,-15,4A56h4B9xUuMMXoKuj18HT,Edge of Desire,"[""1HBjj22wzbscIZ9sEb5dyf"", ""5JsnFhU4OqgEtNXs7Sq1Vm""]","[""Jonas Blue"", ""Malive""]","Jonas Blue, Malive",78,70,,65926,-4031,495020,2829,4849325,https://kworb.net/spotify/track/4A56h4B9xUuMMXoKuj18HT.html
2026-07-13,IT,Italy,kworb_spotify_daily,94,=,3nWODsWETh5zUu3sLuJ2kv,CRYSTAL COLLO,"[""7K80yOTC0Id95gRaOxDG5u""]","[""ANNA""]",ANNA,4,20,,65841,1911,401019,65841,401019,https://kworb.net/spotify/track/3nWODsWETh5zUu3sLuJ2kv.html
2026-07-13,IT,Italy,kworb_spotify_daily,95,-11,7lwRULBv1wRCY4sTBHOUNy,PARTENOPE,"[""5rRcnWrevHgbuWjl7Lhft7"", ""7108jelN43seqWILMvJwKi"", ""72A0Z8q8NiochyK9gUHpCR""]","[""Merk & Kremont"", ""Serena Brancale"", ""The Kolors""]","Merk & Kremont, Serena Brancale, The Kolors",36,57,,65720,-2150,490339,-1887,2789663,https://kworb.net/spotify/track/7lwRULBv1wRCY4sTBHOUNy.html
2026-07-13,IT,Italy,kworb_spotify_daily,96,-4,3BovdzfaX4jb5KFQwoPfAw,Beat It,"[""3fMbdgg4jU18AjLCKBhRSm""]","[""Michael Jackson""]",Michael Jackson,82,14,,65316,700,485495,-1999,8876356,https://kworb.net/spotify/track/3BovdzfaX4jb5KFQwoPfAw.html
2026-07-13,IT,Italy,kworb_spotify_daily,97,-6,6WatFBLVB0x077xWeoVc2k,Si Antes Te Hubiera Conocido,"[""790FomKkXshlbRYZFtlgla""]","[""KAROL G""]",KAROL G,731,4,,64985,-750,477019,439,87551271,https://kworb.net/spotify/track/6WatFBLVB0x077xWeoVc2k.html
2026-07-13,IT,Italy,kworb_spotify_daily,98,+7,1XpmMe95dk9jh3zuOMpeU2,Capri Sun,"[""5SulO4l40qDuV9zUGLZx7n""]","[""Capo Plaza""]",Capo Plaza,1180,2,(x30),64956,4035,478233,-362,142196091,https://kworb.net/spotify/track/1XpmMe95dk9jh3zuOMpeU2.html
2026-07-13,IT,Italy,kworb_spotify_daily,99,+4,7yq4Qj7cqayVTp3FF9CWbm,Riptide,"[""10exVja0key0uqUkk6LJRT""]","[""Vance Joy""]",Vance Joy,1069,13,,63503,1415,442702,5553,27236151,https://kworb.net/spotify/track/7yq4Qj7cqayVTp3FF9CWbm.html
2026-07-13,IT,Italy,kworb_spotify_daily,100,+10,3qhlB30KknSejmIvZZLjOD,End of Beginning,"[""5p9HO3XC5P3BLxJs5Mtrhm""]","[""Djo""]",Djo,355,1,(x2),63434,3474,450347,1197,41264775,https://kworb.net/spotify/track/3qhlB30KknSejmIvZZLjOD.html
2026-07-13,IT,Italy,kworb_spotify_daily,101,+15,3fBHfKPOuaZ99tZOMg9Cgw,RAFFAELLA FICO,"[""5Otk4eRecMMbC5YR4Iliou"", ""1eBPcZCSWh1EAv0aOXusye""]","[""Le-one"", ""Higashi""]","Le-one, Higashi",4,101,,63085,4505,241384,63085,241384,https://kworb.net/spotify/track/3fBHfKPOuaZ99tZOMg9Cgw.html
2026-07-13,IT,Italy,kworb_spotify_daily,102,+12,5bhYjElbPmm2FyB0PxP8Wd,Nessuna,"[""3yiEJ9SByXZMXTwaKdVFN4""]","[""Luchè""]",Luchè,424,1,(x4),61757,2524,454381,322,59375250,https://kworb.net/spotify/track/5bhYjElbPmm2FyB0PxP8Wd.html
2026-07-13,IT,Italy,kworb_spotify_daily,103,+9,6IdiuMw1FSAvU3e6bgWQVX,È sempre bello,"[""5dXlc7MnpaTeUIsHLVe3n4""]","[""Coez""]",Coez,1032,1,(x25),61561,2048,486219,-6083,104441553,https://kworb.net/spotify/track/6IdiuMw1FSAvU3e6bgWQVX.html
2026-07-13,IT,Italy,kworb_spotify_daily,104,=,4dB88qTUCkjYQn0ZxIZCuW,CATALANO,"[""7K80yOTC0Id95gRaOxDG5u""]","[""ANNA""]",ANNA,4,16,,61490,29,420158,61490,420158,https://kworb.net/spotify/track/4dB88qTUCkjYQn0ZxIZCuW.html
2026-07-13,IT,Italy,kworb_spotify_daily,105,+13,5nFyfjGy6AMZqkW0OMUWJJ,Per due come noi,"[""25u1DN0MwQVSav4XoJS7hl"", ""1A6HBLulvBFzNtlMb7b08f"", ""4rj3KWaLAnuxgtMMkypZhf""]","[""Olly"", ""Angelina Mango"", ""Juli""]","Olly, Angelina Mango, Juli",676,1,(x15),61450,2979,484896,-6419,115453508,https://kworb.net/spotify/track/5nFyfjGy6AMZqkW0OMUWJJ.html
2026-07-13,IT,Italy,kworb_spotify_daily,106,-6,2gI2IA7QGtzKZKuahon3W1,Amore Disperato,"[""0lI3rF4hi4op6UxqlLHPzv""]","[""Achille Lauro""]",Achille Lauro,659,5,,61438,-987,473367,-2551,77691898,https://kworb.net/spotify/track/2gI2IA7QGtzKZKuahon3W1.html
2026-07-13,IT,Italy,kworb_spotify_daily,107,-5,6ifUES3keWjwXgae8pXI3o,Me Rehúso,"[""5H1nN1SzW0qNeUEZvuXjAj""]","[""Danny Ocean""]",Danny Ocean,782,4,,60794,-1576,440871,1429,42898812,https://kworb.net/spotify/track/6ifUES3keWjwXgae8pXI3o.html
2026-07-13,IT,Italy,kworb_spotify_daily,108,+12,6DhMZVuD6TH0jd4bMNChCU,PER TE,"[""3fhMfkPPzksWuw0hEm4ldm""]","[""Ernia""]",Ernia,298,2,(x2),60369,2319,448186,-45,39264443,https://kworb.net/spotify/track/6DhMZVuD6TH0jd4bMNChCU.html
2026-07-13,IT,Italy,kworb_spotify_daily,109,+14,3C0nOe05EIt1390bVABLyN,On The Floor,"[""2DlGxzQSjYe5N6G9nkYghR"", ""0TnOYISbd1XYRBk9myaseg""]","[""Jennifer Lopez"", ""Pitbull""]","Jennifer Lopez, Pitbull",56,34,,60100,2721,450547,-3921,4768169,https://kworb.net/spotify/track/3C0nOe05EIt1390bVABLyN.html
2026-07-13,IT,Italy,kworb_spotify_daily,110,+19,5NX1BUQi3Z5r9koZVhU6kf,Introvabile,"[""7FeObngbQ0GY3SojNwKdKn""]","[""Bresh""]",Bresh,172,7,,59954,4118,462493,-12050,16917214,https://kworb.net/spotify/track/5NX1BUQi3Z5r9koZVhU6kf.html
2026-07-13,IT,Italy,kworb_spotify_daily,111,+25,1lslS1hUsIvAScXvWVTLt2,INTRO (La Bella Vita),"[""2R4kNOwHUUsuDYhKsESVbF""]","[""Artie 5ive""]",Artie 5ive,433,9,,59954,4886,420598,5129,31289184,https://kworb.net/spotify/track/1lslS1hUsIvAScXvWVTLt2.html
2026-07-13,IT,Italy,kworb_spotify_daily,112,+22,7EOKcZX9TRkIs0nwWbCCbD,Non è mica te,"[""0harR1ApYeMN6GOLBNMiUR""]","[""Eddie Brock""]",Eddie Brock,273,6,,59665,4248,399851,8265,31165042,https://kworb.net/spotify/track/7EOKcZX9TRkIs0nwWbCCbD.html
2026-07-13,IT,Italy,kworb_spotify_daily,113,-12,16mdISuTFms1vnxc8gXyQu,Esibizionista,"[""0EqkKYDK9EkKY5N7zU3FPv""]","[""Annalisa""]",Annalisa,277,9,,59140,-3259,451772,-348,26893915,https://kworb.net/spotify/track/16mdISuTFms1vnxc8gXyQu.html
2026-07-13,IT,Italy,kworb_spotify_daily,114,-6,3cGuiySfwJPXqvE15OiEEg,Tran Tran,"[""23TFHmajVfBtlRx5MXqgoz""]","[""Sfera Ebbasta""]",Sfera Ebbasta,1591,1,(x10),58939,-1074,429255,9503,101392056,https://kworb.net/spotify/track/3cGuiySfwJPXqvE15OiEEg.html
2026-07-13,IT,Italy,kworb_spotify_daily,115,+40,5zVQoMHyELfcHYviXDao3I,MILANO TESTAROSSA,"[""2R4kNOwHUUsuDYhKsESVbF"", ""7F2utINZ6tSokSiZTQBE27""]","[""Artie 5ive"", ""Guè""]","Artie 5ive, Guè",312,11,,58896,7347,335449,9649,23878808,https://kworb.net/spotify/track/5zVQoMHyELfcHYviXDao3I.html
2026-07-13,IT,Italy,kworb_spotify_daily,116,-3,39hHUnYBmyMwprzRaPODCX,Free Your Mind,"[""6HabM2PUM519iIxervGWSb"", ""7MdlXmq2HViAJWo9cf30sR""]","[""Prospa"", ""Cloonee""]","Prospa, Cloonee",39,102,,58881,-605,439693,3445,2214264,https://kworb.net/spotify/track/39hHUnYBmyMwprzRaPODCX.html
2026-07-13,IT,Italy,kworb_spotify_daily,117,-8,3qtuOAI0YyfoBM1s7Tvm46,La Nuova Stella Di Broadway,"[""396Jr76018oUMR6QBnqT8T""]","[""Cesare Cremonini""]",Cesare Cremonini,1168,37,,58747,-1265,417885,5530,72581833,https://kworb.net/spotify/track/3qtuOAI0YyfoBM1s7Tvm46.html
2026-07-13,IT,Italy,kworb_spotify_daily,118,+54,7kktKNHgINrBczPUGoG38p,Bang Bang,"[""23TFHmajVfBtlRx5MXqgoz""]","[""Sfera Ebbasta""]",Sfera Ebbasta,1540,50,,58621,9329,402080,8611,100629281,https://kworb.net/spotify/track/7kktKNHgINrBczPUGoG38p.html
2026-07-13,IT,Italy,kworb_spotify_daily,119,+35,22skzmqfdWrjJylampe0kt,Can't Hold Us,"[""5BcAKTbp20cv7tC5VqPFoC"", ""3JhNCzhSMTxs9WLGJJxWOY"", ""4myTppRgh0rojLxx8RycOp"", ""4e0nWw2r4BoQSKPQ2zpU13""]","[""Macklemore & Ryan Lewis"", ""Macklemore"", ""Ryan Lewis"", ""Ray Dalton""]","Macklemore & Ryan Lewis, Macklemore, Ryan Lewis, Ray Dalton",771,92,,58451,6812,406409,4744,41008483,https://kworb.net/spotify/track/22skzmqfdWrjJylampe0kt.html
2026-07-13,IT,Italy,kworb_spotify_daily,120,-13,2UswOCldBaG2mp073YKkf0,Canzone Estiva,"[""0EqkKYDK9EkKY5N7zU3FPv""]","[""Annalisa""]",Annalisa,85,38,,58317,-1921,442049,1166,5591843,https://kworb.net/spotify/track/2UswOCldBaG2mp073YKkf0.html
2026-07-13,IT,Italy,kworb_spotify_daily,121,+3,6J5kc12BW5HuP3d7C3vvx8,EoO,"[""4q3ewBCX7sLwd24euuV69X""]","[""Bad Bunny""]",Bad Bunny,388,13,,58299,1250,427102,2279,28120045,https://kworb.net/spotify/track/6J5kc12BW5HuP3d7C3vvx8.html
2026-07-13,IT,Italy,kworb_spotify_daily,122,-3,5W5lGzvUR9jWQ7kyz9rr4T,TUTTO È POSSIBILE,"[""27LlKWxS3KXW7RRAxN5S8s"", ""2eFv7NVs8R6Go7msuqikeg""]","[""Geolier"", ""Pino Daniele""]","Geolier, Pino Daniele",88,4,,58047,-375,440148,-1019,8269678,https://kworb.net/spotify/track/5W5lGzvUR9jWQ7kyz9rr4T.html
2026-07-13,IT,Italy,kworb_spotify_daily,123,+10,7uu3YZytpYW15VIfa7ynJk,Niente Canzoni D'Amore - Inedito,"[""5AZuEF0feCXMkUCwQiQlW7"", ""05brE7yGJDmIYlMirfSi0B""]","[""Marracash"", ""Federica Abbate""]","Marracash, Federica Abbate",859,8,,58046,2607,422180,1126,40986480,https://kworb.net/spotify/track/7uu3YZytpYW15VIfa7ynJk.html
2026-07-13,IT,Italy,kworb_spotify_daily,124,+14,3uExyCdMa9XfVuXpuYhod4,Push It,"[""0EUR8jz8L936AEbV2Spkca"", ""7K80yOTC0Id95gRaOxDG5u""]","[""Kid Yugi"", ""ANNA""]","Kid Yugi, ANNA",193,1,(x8),57971,3822,426339,-408,26349384,https://kworb.net/spotify/track/3uExyCdMa9XfVuXpuYhod4.html
2026-07-13,IT,Italy,kworb_spotify_daily,125,-10,6PtEfaLwNxmBtK4LX7Ffi6,1H,"[""27LlKWxS3KXW7RRAxN5S8s""]","[""Geolier""]",Geolier,179,5,,57758,-1319,466948,-8246,18096181,https://kworb.net/spotify/track/6PtEfaLwNxmBtK4LX7Ffi6.html
2026-07-13,IT,Italy,kworb_spotify_daily,126,-20,78F6s5j8febWk0ICOAIxjM,FOTOGRAFIA,"[""27LlKWxS3KXW7RRAxN5S8s""]","[""Geolier""]",Geolier,249,1,(x18),57514,-2972,457611,-4710,33715086,https://kworb.net/spotify/track/78F6s5j8febWk0ICOAIxjM.html
2026-07-13,IT,Italy,kworb_spotify_daily,127,-34,5W1mx7Oeg2HxmASrth1nTt,Per sempre sì,"[""7cdIY4mDfM1dbjgl7s2fGR""]","[""Sal Da Vinci""]",Sal Da Vinci,139,1,(x1),57119,-7010,453376,1612,25922776,https://kworb.net/spotify/track/5W1mx7Oeg2HxmASrth1nTt.html
2026-07-13,IT,Italy,kworb_spotify_daily,128,+21,1dhMyPqkX3Q0PvlLyUFSvI,M'AMA NON M'AMA,"[""1vgQksyJ0IVz8y9XerEOy3""]","[""Madame""]",Madame,25,23,,57119,4701,426329,-5122,1757030,https://kworb.net/spotify/track/1dhMyPqkX3Q0PvlLyUFSvI.html
2026-07-13,IT,Italy,kworb_spotify_daily,129,-8,5WssaPhjCCUFBMk9PpnHYj,Anche Stasera,"[""23TFHmajVfBtlRx5MXqgoz""]","[""Sfera Ebbasta""]",Sfera Ebbasta,930,4,,57108,-627,409265,7190,99488569,https://kworb.net/spotify/track/5WssaPhjCCUFBMk9PpnHYj.html
2026-07-13,IT,Italy,kworb_spotify_daily,130,-8,0RYqzVMfEjbDr1CTL7fta5,L'universo tranne noi,"[""6FcVd3KlRxozcLl19FMXu9""]","[""Max Pezzali""]",Max Pezzali,173,87,,57103,-597,408899,-857,9082578,https://kworb.net/spotify/track/0RYqzVMfEjbDr1CTL7fta5.html
2026-07-13,IT,Italy,kworb_spotify_daily,131,-20,6zjlQ39iHKMaPcY9Fz4d9e,Halo,"[""2n0Ki4A5tKTEloq3WCt1IH"", ""2QJ1AReDewmz4fcRhGxW6Y""]","[""Samurai Jay"", ""Vito Salamanca""]","Samurai Jay, Vito Salamanca",364,3,(x11),56970,-2731,444551,-7007,49754447,https://kworb.net/spotify/track/6zjlQ39iHKMaPcY9Fz4d9e.html
2026-07-13,IT,Italy,kworb_spotify_daily,132,-2,1JSTJqkT5qHq8MDJnJbRE1,Every Breath You Take,"[""5NGO30tJxFlKixkPSgXcFE""]","[""The Police""]",The Police,595,17,,56842,1170,405679,2157,40616292,https://kworb.net/spotify/track/1JSTJqkT5qHq8MDJnJbRE1.html
2026-07-13,IT,Italy,kworb_spotify_daily,133,+4,4oMiCgeROySnMbUDwH9lt3,V per Vangelo,"[""2K5nCggbhSZ00YCYP5qkZS""]","[""Shiva""]",Shiva,95,1,(x1),56797,1837,416622,1091,12467568,https://kworb.net/spotify/track/4oMiCgeROySnMbUDwH9lt3.html
2026-07-13,IT,Italy,kworb_spotify_daily,134,-17,5EtlojWtD8y7pnoDb80JwP,081,"[""27LlKWxS3KXW7RRAxN5S8s""]","[""Geolier""]",Geolier,167,1,(x5),56690,-1849,414245,2201,18592498,https://kworb.net/spotify/track/5EtlojWtD8y7pnoDb80JwP.html
2026-07-13,IT,Italy,kworb_spotify_daily,135,-7,2w5wtWq30yTkNSG9YjMFvW,Pianeti,"[""3hN3iJMbbBmqBSAMx5veDa""]","[""Ultimo""]",Ultimo,1131,17,,56676,769,466155,-26496,71972255,https://kworb.net/spotify/track/2w5wtWq30yTkNSG9YjMFvW.html
2026-07-13,IT,Italy,kworb_spotify_daily,136,-11,6GLmGfALwjzCaOiHwgfU7g,Ti dedico il silenzio,"[""3hN3iJMbbBmqBSAMx5veDa""]","[""Ultimo""]",Ultimo,747,26,,56413,-483,479501,-22660,42209266,https://kworb.net/spotify/track/6GLmGfALwjzCaOiHwgfU7g.html
2026-07-13,IT,Italy,kworb_spotify_daily,137,+15,1SWUq0qtTSDRGrDtgq7POw,DARKMONEY,"[""7h1amg0X7Q5d0D5KfuyKTg"", ""23TFHmajVfBtlRx5MXqgoz""]","[""Pyrex"", ""Sfera Ebbasta""]","Pyrex, Sfera Ebbasta",151,1,(x7),56255,4350,421687,5584,16130090,https://kworb.net/spotify/track/1SWUq0qtTSDRGrDtgq7POw.html
2026-07-13,IT,Italy,kworb_spotify_daily,138,-6,0pxwzHAlnK86CIfDbbJLr4,Kriminal - Prod. by Roberto Ferrante,"[""3LvwPiJQJ0da0GurKMToV0"", ""2oQX8QiMXOyuqbcZEFsZfm"", ""1UjxAZqzphB1tsMb1aWBj0"", ""2aiM1OfMODFLUXaQgEVPK1""]","[""Baby Gang"", ""El Alfa"", ""Omega"", ""Roberto Ferrante""]","Baby Gang, El Alfa, Omega, Roberto Ferrante",361,1,(x9),56048,515,433612,304,41450074,https://kworb.net/spotify/track/0pxwzHAlnK86CIfDbbJLr4.html
2026-07-13,IT,Italy,kworb_spotify_daily,139,+9,6sLBJkMyZIkGevtpYgeotT,Piccola Stella,"[""3hN3iJMbbBmqBSAMx5veDa""]","[""Ultimo""]",Ultimo,1211,10,,55911,3082,431422,-15264,83787508,https://kworb.net/spotify/track/6sLBJkMyZIkGevtpYgeotT.html
2026-07-13,IT,Italy,kworb_spotify_daily,140,+4,3MCoJ2yjtBmL1CWkBpdYyJ,OLÈ,"[""27LlKWxS3KXW7RRAxN5S8s"", ""0EUR8jz8L936AEbV2Spkca""]","[""Geolier"", ""Kid Yugi""]","Geolier, Kid Yugi",179,2,(x5),55808,2779,436533,-4006,18174773,https://kworb.net/spotify/track/3MCoJ2yjtBmL1CWkBpdYyJ.html
2026-07-13,IT,Italy,kworb_spotify_daily,141,-44,39efIaQFmERjt8U71FrJzs,L'Emozione Non Ha voce (Io Non So Parlar D'Amore),"[""1yq9UuPp5DIb5w6eswGbKV""]","[""Adriano Celentano""]",Adriano Celentano,160,87,,55677,-7683,420893,5479,8692793,https://kworb.net/spotify/track/39efIaQFmERjt8U71FrJzs.html
2026-07-13,IT,Italy,kworb_spotify_daily,142,-2,2bT6QX29M7GLSuTDSirwaS,DÉSOLÉE,"[""7K80yOTC0Id95gRaOxDG5u""]","[""ANNA""]",ANNA,395,1,(x61),54912,1246,408046,5575,60463682,https://kworb.net/spotify/track/2bT6QX29M7GLSuTDSirwaS.html
2026-07-13,IT,Italy,kworb_spotify_daily,143,-12,5XOhmBwIBhaj5jg2ZIvRMI,A NAPOLI NON PIOVE,"[""27LlKWxS3KXW7RRAxN5S8s""]","[""Geolier""]",Geolier,112,15,,54705,-954,440442,-8693,8252295,https://kworb.net/spotify/track/5XOhmBwIBhaj5jg2ZIvRMI.html
2026-07-13,IT,Italy,kworb_spotify_daily,144,+20,21KdF0KGmSXmDBcif3XZd4,Dai che fai,"[""7FeObngbQ0GY3SojNwKdKn""]","[""Bresh""]",Bresh,298,25,,54645,3719,408921,-1517,22864092,https://kworb.net/spotify/track/21KdF0KGmSXmDBcif3XZd4.html
2026-07-13,IT,Italy,kworb_spotify_daily,145,+29,1yOrvnfHb2t8CmMdfcBHTl,Pilé - Gospel,"[""51OKuyM4BiiYxFm8Mi6fa9"", ""2i04Yoaa4wV8J75w8aPX1G""]","[""Mauvais djo"", ""Kano Choir""]","Mauvais djo, Kano Choir",15,101,,54640,5659,396809,-3675,884018,https://kworb.net/spotify/track/1yOrvnfHb2t8CmMdfcBHTl.html
2026-07-13,IT,Italy,kworb_spotify_daily,146,+5,4ySxBjhmdnkeFUqhKxW3cY,Visiera A Becco,"[""23TFHmajVfBtlRx5MXqgoz""]","[""Sfera Ebbasta""]",Sfera Ebbasta,2007,32,,54375,2440,387690,54375,117211854,https://kworb.net/spotify/track/4ySxBjhmdnkeFUqhKxW3cY.html
2026-07-13,IT,Italy,kworb_spotify_daily,147,+10,2RkZ5LkEzeHGRsmDqKwmaJ,Ordinary,"[""0fTSzq9jAh4c36UVb4V7CB""]","[""Alex Warren""]",Alex Warren,470,10,,54363,2872,402016,-6114,52873809,https://kworb.net/spotify/track/2RkZ5LkEzeHGRsmDqKwmaJ.html
2026-07-13,IT,Italy,kworb_spotify_daily,148,-13,0kHTkvGavvk2MjBTSUtOZx,Ricchi x Sempre,"[""23TFHmajVfBtlRx5MXqgoz""]","[""Sfera Ebbasta""]",Sfera Ebbasta,535,4,,54021,-1139,338150,54021,45262638,https://kworb.net/spotify/track/0kHTkvGavvk2MjBTSUtOZx.html
2026-07-13,IT,Italy,kworb_spotify_daily,149,+34,5g7sDjBhZ4I3gcFIpkrLuI,Locked out of Heaven,"[""0du5cEVh5yTK9QJze8zA0C""]","[""Bruno Mars""]",Bruno Mars,356,45,,53585,5270,311229,53585,3677925,https://kworb.net/spotify/track/5g7sDjBhZ4I3gcFIpkrLuI.html
2026-07-13,IT,Italy,kworb_spotify_daily,150,-11,3bFUhrjNmC3179e2R5lqjp,VELENO,"[""7K80yOTC0Id95gRaOxDG5u""]","[""ANNA""]",ANNA,4,26,,53580,-124,340998,53580,340998,https://kworb.net/spotify/track/3bFUhrjNmC3179e2R5lqjp.html
2026-07-13,IT,Italy,kworb_spotify_daily,151,+12,05wb6MEyJeG2z1MVCIXxC8,15 Piani,"[""23TFHmajVfBtlRx5MXqgoz""]","[""Sfera Ebbasta""]",Sfera Ebbasta,840,1,(x11),53524,2316,353731,53524,93445296,https://kworb.net/spotify/track/05wb6MEyJeG2z1MVCIXxC8.html
2026-07-13,IT,Italy,kworb_spotify_daily,152,-26,1IkzT4wzFJRbFOmKOSqTen,EPISODIO D'AMORE,"[""27LlKWxS3KXW7RRAxN5S8s"", ""76UCIJTB0jcJvBaL0CdIqx"", ""3wDn3kW2zDRLnaQAnX0S3x""]","[""Geolier"", ""Takagi & Ketra"", ""Dat Boi Dee""]","Geolier, Takagi & Ketra, Dat Boi Dee",578,7,,53415,-3118,432174,-1648,79235132,https://kworb.net/spotify/track/1IkzT4wzFJRbFOmKOSqTen.html
2026-07-13,IT,Italy,kworb_spotify_daily,153,-12,0fR79MubHtwcEiGJzUw8Au,Polvere Rosa,"[""2K5nCggbhSZ00YCYP5qkZS""]","[""Shiva""]",Shiva,95,4,,53165,-291,399698,-3048,11645562,https://kworb.net/spotify/track/0fR79MubHtwcEiGJzUw8Au.html
2026-07-13,IT,Italy,kworb_spotify_daily,154,+17,0OMRAvrtLWE2TvcXorRiB9,La Gozadera,"[""2cy1zPcrFcXAJTP0APWewL"", ""4wLXwxDeWQ8mtUIRPxGiD6""]","[""Gente De Zona"", ""Marc Anthony""]","Gente De Zona, Marc Anthony",481,61,,52979,3079,373640,2643,10008370,https://kworb.net/spotify/track/0OMRAvrtLWE2TvcXorRiB9.html
2026-07-13,IT,Italy,kworb_spotify_daily,155,+5,5wpNF7XLTW4gLyU0NjVOL8,Bottiglie Vuote,"[""6RdcIWVKYYzNzjQRd3oyHS"", ""6FcVd3KlRxozcLl19FMXu9""]","[""Pinguini Tattici Nucleari"", ""Max Pezzali""]","Pinguini Tattici Nucleari, Max Pezzali",457,5,,52861,1525,379239,192,54848770,https://kworb.net/spotify/track/5wpNF7XLTW4gLyU0NjVOL8.html
2026-07-13,IT,Italy,kworb_spotify_daily,156,+14,2kZV7d0A4BIN5I8iFBnbqp,16 Marzo,"[""0lI3rF4hi4op6UxqlLHPzv"", ""2dAKW1tsAariQ0Ta2gqp8N""]","[""Achille Lauro"", ""Gow Tribe""]","Achille Lauro, Gow Tribe",709,3,(x1),52757,2842,385240,-8819,49981170,https://kworb.net/spotify/track/2kZV7d0A4BIN5I8iFBnbqp.html
2026-07-13,IT,Italy,kworb_spotify_daily,157,-10,07qo9gnLM488CUr0EtgIA1,Poetica,"[""396Jr76018oUMR6QBnqT8T""]","[""Cesare Cremonini""]",Cesare Cremonini,942,3,(x1),52698,-131,215472,5227,58903860,https://kworb.net/spotify/track/07qo9gnLM488CUr0EtgIA1.html
2026-07-13,IT,Italy,kworb_spotify_daily,158,+1,4D1aJZlCbzptGSDsyV1qVo,BENIHANA,"[""7K80yOTC0Id95gRaOxDG5u""]","[""ANNA""]",ANNA,4,31,,52546,1195,327299,52546,327299,https://kworb.net/spotify/track/4D1aJZlCbzptGSDsyV1qVo.html
2026-07-13,IT,Italy,kworb_spotify_daily,159,-32,0MLu1cFYL4ikdRTdasCQT9,M' Manc (con Geolier & Sfera Ebbasta),"[""6hkKbkZGvAXuvle2FhCnxy"", ""27LlKWxS3KXW7RRAxN5S8s"", ""23TFHmajVfBtlRx5MXqgoz""]","[""Shablo"", ""Geolier"", ""Sfera Ebbasta""]","Shablo, Geolier, Sfera Ebbasta",1666,1,(x11),52493,-3534,400453,-468,169318486,https://kworb.net/spotify/track/0MLu1cFYL4ikdRTdasCQT9.html
2026-07-13,IT,Italy,kworb_spotify_daily,160,+9,6bN41HjY008ggroMFxNLaa,Calcolatrici,"[""23TFHmajVfBtlRx5MXqgoz""]","[""Sfera Ebbasta""]",Sfera Ebbasta,855,1,(x22),52257,2156,385491,3286,100845913,https://kworb.net/spotify/track/6bN41HjY008ggroMFxNLaa.html
2026-07-13,IT,Italy,kworb_spotify_daily,161,+36,1XzHasEgB7QoXXtoD3sUKY,E Allora,"[""1dlyjeDlgXalzt5oqbgWDs"", ""2ifTEcQqKSPwijIEcPHQ1R"", ""1l1A1U8VJM15W7zonFqKhg""]","[""G.Mineiro"", ""Flatpearl"", ""Succo""]","G.Mineiro, Flatpearl, Succo",38,70,,52068,6091,369367,-518,2399081,https://kworb.net/spotify/track/1XzHasEgB7QoXXtoD3sUKY.html
2026-07-13,IT,Italy,kworb_spotify_daily,162,-12,6XjDF6nds4DE2BBbagZol6,Gata Only,"[""7CvTknweLr9feJtRGrpDBy"", ""1Yj5Xey7kTwvZla8sqdsdE""]","[""FloyyMenor"", ""Cris MJ""]","FloyyMenor, Cris MJ",734,1,(x1),52067,-34,367606,4362,106045702,https://kworb.net/spotify/track/6XjDF6nds4DE2BBbagZol6.html
2026-07-13,IT,Italy,kworb_spotify_daily,163,RE,3QjM7blH1a157YfP8G33TA,RATATA,"[""5SulO4l40qDuV9zUGLZx7n""]","[""Capo Plaza""]",Capo Plaza,248,23,,51905,,324985,3400,13626197,https://kworb.net/spotify/track/3QjM7blH1a157YfP8G33TA.html
2026-07-13,IT,Italy,kworb_spotify_daily,164,-3,36TnyBCBhUUSrSy1pTKasT,ANTIDROGA,"[""0gzwXezN4IUHAwLufA6YcX"", ""7u710e44HW3K7A5eTnRqHC""]","[""Emma"", ""Fabri Fibra""]","Emma, Fabri Fibra",13,107,,51828,591,277333,1707,721054,https://kworb.net/spotify/track/36TnyBCBhUUSrSy1pTKasT.html
2026-07-13,IT,Italy,kworb_spotify_daily,165,+3,6XbtvPmIpyCbjuT0e8cQtp,Columbia,"[""52iwsT98xCoGgiGntTiR7K""]","[""Quevedo""]",Quevedo,279,50,,51698,1352,377254,4980,22293402,https://kworb.net/spotify/track/6XbtvPmIpyCbjuT0e8cQtp.html
2026-07-13,IT,Italy,kworb_spotify_daily,166,+9,6Ahg1hncxUdK0ICqU03BCu,Superclassico,"[""3fhMfkPPzksWuw0hEm4ldm""]","[""Ernia""]",Ernia,1436,1,(x11),51464,2501,324898,3747,139087742,https://kworb.net/spotify/track/6Ahg1hncxUdK0ICqU03BCu.html
2026-07-13,IT,Italy,kworb_spotify_daily,167,+13,4Cd1cCCqG3nlf07i5A0IPH,Yakuza,"[""7GgpsUpkj3olseoaTY7TEY"", ""23TFHmajVfBtlRx5MXqgoz"", ""1fctva4kpRbg2k3v7kwRuS""]","[""Elodie"", ""Sfera Ebbasta"", ""Rvssian""]","Elodie, Sfera Ebbasta, Rvssian",334,1,(x4),51148,2573,224609,51148,47271151,https://kworb.net/spotify/track/4Cd1cCCqG3nlf07i5A0IPH.html
2026-07-13,IT,Italy,kworb_spotify_daily,168,-25,20MwAekzD46VMJP0JmjmhS,Con un deca,"[""6bMul6rmRS03x38tWKYifO""]","[""883""]",883,30,97,,51100,-2252,322072,3176,1851354,https://kworb.net/spotify/track/20MwAekzD46VMJP0JmjmhS.html
2026-07-13,IT,Italy,kworb_spotify_daily,169,-16,7EFFg3umzGzCnOIHG6Fr6V,Bossa Nostra,"[""3AVx3OBPIk4pJQllAXoVs1""]","[""Gaia""]",Gaia,52,92,,50999,-849,393312,-1266,2948711,https://kworb.net/spotify/track/7EFFg3umzGzCnOIHG6Fr6V.html
2026-07-13,IT,Italy,kworb_spotify_daily,170,-14,2a1o6ZejUi8U3wzzOtCOYw,Danza Kuduro,"[""33ScadVnbm2X8kkUqOkC6Z"", ""5bv5RplEOwdCvhq0EILh9E""]","[""Don Omar"", ""Lucenzo""]","Don Omar, Lucenzo",208,74,,50471,-1057,313859,1490,11838949,https://kworb.net/spotify/track/2a1o6ZejUi8U3wzzOtCOYw.html
2026-07-13,IT,Italy,kworb_spotify_daily,171,+14,0RkFzXmEJzSv4Bu6YwZJx6,Maledetto me,"[""1QeqGmpgU5Yg74GNcjIIq3""]","[""Fulminacci""]",Fulminacci,102,34,,50465,2488,376837,-434,6578327,https://kworb.net/spotify/track/0RkFzXmEJzSv4Bu6YwZJx6.html
2026-07-13,IT,Italy,kworb_spotify_daily,172,+1,5pYy054Wcuj9CFdDIxZSVU,Menomale che c'è il mare,"[""25u1DN0MwQVSav4XoJS7hl"", ""4rj3KWaLAnuxgtMMkypZhf""]","[""Olly"", ""Juli""]","Olly, Juli",615,32,,50143,1058,393012,-9745,48545082,https://kworb.net/spotify/track/5pYy054Wcuj9CFdDIxZSVU.html
2026-07-13,IT,Italy,kworb_spotify_daily,173,+27,3FrbT8aqk9xHtTfQc9Z3IR,VVS CARTIER,"[""23TFHmajVfBtlRx5MXqgoz"", ""2K5nCggbhSZ00YCYP5qkZS""]","[""Sfera Ebbasta"", ""Shiva""]","Sfera Ebbasta, Shiva",422,5,,50101,4519,253455,50101,41925296,https://kworb.net/spotify/track/3FrbT8aqk9xHtTfQc9Z3IR.html
2026-07-13,IT,Italy,kworb_spotify_daily,174,RE,55lijDD6OAjLFFUHU9tcDm,WHERE IS MY HUSBAND!,"[""5KKpBU5eC2tJDzf0wmlRp2""]","[""RAYE""]",RAYE,266,33,,50091,,323646,-1133,20346839,https://kworb.net/spotify/track/55lijDD6OAjLFFUHU9tcDm.html
2026-07-13,IT,Italy,kworb_spotify_daily,175,-29,7sh95K3HXkne9mVYDOIRWs,Completamente,"[""6YBgd2LKccEB3pX6UaW1Yp""]","[""Thegiornalisti""]",Thegiornalisti,436,55,,50006,-2857,377134,2664,12249122,https://kworb.net/spotify/track/7sh95K3HXkne9mVYDOIRWs.html
2026-07-13,IT,Italy,kworb_spotify_daily,176,RE,6bOwCTgqiUIEuGNdwTDpi5,CHROME HEARTS,"[""2pzFTbri7ew8mW2CbYpCNq"", ""08ppjXEpROUgrG1X0DEquB""]","[""Astro"", ""Nerissima Serpe""]","Astro, Nerissima Serpe",22,53,,49870,,49870,49870,1374529,https://kworb.net/spotify/track/6bOwCTgqiUIEuGNdwTDpi5.html
2026-07-13,IT,Italy,kworb_spotify_daily,177,+2,7nRFsITVaSHko2Fw2Gcy59,Destri,"[""7KFOc3T4Xo8DVZt4PWw2qN""]","[""Gazzelle""]",Gazzelle,2113,1,(x1),49763,1184,319080,-1639,178301006,https://kworb.net/spotify/track/7nRFsITVaSHko2Fw2Gcy59.html
2026-07-13,IT,Italy,kworb_spotify_daily,178,+11,7ue5uvozLbamg0rjS65FeT,SEXY RAVE,"[""0QrUbsrL5imqntAfDl8i7q"", ""3LvwPiJQJ0da0GurKMToV0""]","[""Fred De Palma"", ""Baby Gang""]","Fred De Palma, Baby Gang",253,14,,49520,2348,363881,49520,26409147,https://kworb.net/spotify/track/7ue5uvozLbamg0rjS65FeT.html
2026-07-13,IT,Italy,kworb_spotify_daily,179,-14,0UvCh63URrLFcPkKt99hHd,Don't Look Back in Anger - Remastered,"[""2DaxqgrOhkeH0fpeiQq2f4""]","[""Oasis""]",Oasis,92,52,,49449,-1293,251304,49449,4908190,https://kworb.net/spotify/track/0UvCh63URrLFcPkKt99hHd.html
2026-07-13,IT,Italy,kworb_spotify_daily,180,RE,4kkbhtfbTCp3JN4H7zu9ny,IL GIORNO CHE ASPETTAVO,"[""3hN3iJMbbBmqBSAMx5veDa""]","[""Ultimo""]",Ultimo,24,14,,49321,,379588,-28476,1968374,https://kworb.net/spotify/track/4kkbhtfbTCp3JN4H7zu9ny.html
2026-07-13,IT,Italy,kworb_spotify_daily,181,-5,19DHPlTC2gx1j4jrFzNbwL,30ºC,"[""7K80yOTC0Id95gRaOxDG5u""]","[""ANNA""]",ANNA,567,1,(x69),49274,315,312971,2975,112917324,https://kworb.net/spotify/track/19DHPlTC2gx1j4jrFzNbwL.html
2026-07-13,IT,Italy,kworb_spotify_daily,182,+6,1V8SElaiJmR7SJiGELr6Rc,Peccati,"[""2K5nCggbhSZ00YCYP5qkZS""]","[""Shiva""]",Shiva,95,7,,49273,1966,366943,-478,10973001,https://kworb.net/spotify/track/1V8SElaiJmR7SJiGELr6Rc.html
2026-07-13,IT,Italy,kworb_spotify_daily,183,-21,362nbPmkrCtts9zhlLFfIR,UNA VITA FA,"[""27LlKWxS3KXW7RRAxN5S8s"", ""2K5nCggbhSZ00YCYP5qkZS"", ""7gjqZ8coFZimZDtdk04WP1""]","[""Geolier"", ""Shiva"", ""MACE""]","Geolier, Shiva, MACE",166,14,,48971,-2242,379677,-11259,13322057,https://kworb.net/spotify/track/362nbPmkrCtts9zhlLFfIR.html
2026-07-13,IT,Italy,kworb_spotify_daily,184,RE,1rIKgCH4H52lrvDcz50hS8,Lush Life,"[""1Xylc3o4UrD53lo9CvFvVg""]","[""Zara Larsson""]",Zara Larsson,746,15,,48621,,201815,-640,25873321,https://kworb.net/spotify/track/1rIKgCH4H52lrvDcz50hS8.html
2026-07-13,IT,Italy,kworb_spotify_daily,185,-43,14DFx4gDrW7b84MziUD6aM,Poesie Clandestine,"[""5FwDaIGy29GQC5d0MR7fKf"", ""0lQtBhjEJpoOroQS6fbWMc""]","[""LDA"", ""Aka 7even""]","LDA, Aka 7even",139,5,,48349,-5053,386207,-4902,22825084,https://kworb.net/spotify/track/14DFx4gDrW7b84MziUD6aM.html
2026-07-13,IT,Italy,kworb_spotify_daily,186,RE,6MZbnl9hKMgYweTqBZdLyW,64 BARRE DI TERRORE (Red Bull 64 Bars),"[""0EUR8jz8L936AEbV2Spkca""]","[""Kid Yugi""]",Kid Yugi,18,16,,48247,,254807,-3292,1311523,https://kworb.net/spotify/track/6MZbnl9hKMgYweTqBZdLyW.html
2026-07-13,IT,Italy,kworb_spotify_daily,187,-20,1k3pzheXrbtHgvvOsQeMkU,Che fastidio!,"[""7HtzacrJpksCiS6qHypb8l""]","[""Ditonellapiaga""]",Ditonellapiaga,139,3,(x12),48226,-2209,376608,-1903,25138595,https://kworb.net/spotify/track/1k3pzheXrbtHgvvOsQeMkU.html
2026-07-13,IT,Italy,kworb_spotify_daily,188,+6,0il2Hwwf6U8haOn1rMwUak,Bam Bam Bambina,"[""3o7fC2O4nraaicpID6bBZW""]","[""Elettra Lamborghini""]",Elettra Lamborghini,12,143,,48214,2141,205730,48214,615097,https://kworb.net/spotify/track/0il2Hwwf6U8haOn1rMwUak.html
2026-07-13,IT,Italy,kworb_spotify_daily,189,RE,7qjZnBKE73H4Oxkopwulqe,back to friends,"[""4G9NDjRyZFDlJKMRL8hx3S""]","[""sombr""]",sombr,415,29,,48187,,217254,-4141,32626784,https://kworb.net/spotify/track/7qjZnBKE73H4Oxkopwulqe.html
2026-07-13,IT,Italy,kworb_spotify_daily,190,RE,7dFfkSJrAHnUdKM5jaUOLt,Tristano e Isotta,"[""0EUR8jz8L936AEbV2Spkca""]","[""Kid Yugi""]",Kid Yugi,144,1,(x8),48114,,48114,1482,16715904,https://kworb.net/spotify/track/7dFfkSJrAHnUdKM5jaUOLt.html
2026-07-13,IT,Italy,kworb_spotify_daily,191,-5,093RgZ7RXHZwIrxZhZYX4Q,Tesla,"[""5SulO4l40qDuV9zUGLZx7n"", ""23TFHmajVfBtlRx5MXqgoz"", ""6jwzGu5VdkR5tsRROYuxso""]","[""Capo Plaza"", ""Sfera Ebbasta"", ""DrefGold""]","Capo Plaza, Sfera Ebbasta, DrefGold",736,1,(x39),48110,306,319657,48110,86745262,https://kworb.net/spotify/track/093RgZ7RXHZwIrxZhZYX4Q.html
2026-07-13,IT,Italy,kworb_spotify_daily,192,RE,60a0Rd6pjrkxjPbaKzXjfq,In the End,"[""6XyY86QOPPrYVGvF9ch6wz""]","[""Linkin Park""]",Linkin Park,223,9,,47678,,146505,322,8895867,https://kworb.net/spotify/track/60a0Rd6pjrkxjPbaKzXjfq.html
2026-07-13,IT,Italy,kworb_spotify_daily,193,RE,5omIW7YOPhA6CULhkdz6jE,Paradiso Artificiale,"[""1AgAVqo74e2q4FVvg0xpT7"", ""3LvwPiJQJ0da0GurKMToV0"", ""0EUR8jz8L936AEbV2Spkca""]","[""Tedua"", ""Baby Gang"", ""Kid Yugi""]","Tedua, Baby Gang, Kid Yugi",964,2,(x4),47356,,98873,-892,108654612,https://kworb.net/spotify/track/5omIW7YOPhA6CULhkdz6jE.html
2026-07-13,IT,Italy,kworb_spotify_daily,194,-28,5BAJMdCQqax0oBQigQTl5h,Dove e quando,"[""2nftqfbLohpDYzY8VUlvbm""]","[""Benji & Fede""]",Benji & Fede,733,3,(x38),47283,-3252,97818,47283,81570720,https://kworb.net/spotify/track/5BAJMdCQqax0oBQigQTl5h.html
2026-07-13,IT,Italy,kworb_spotify_daily,195,RE,75Y6WgUldQN8mipAVLy8KJ,Quei ricordi là,"[""25u1DN0MwQVSav4XoJS7hl"", ""4rj3KWaLAnuxgtMMkypZhf""]","[""Olly"", ""Juli""]","Olly, Juli",519,15,,47190,,207351,47190,52576586,https://kworb.net/spotify/track/75Y6WgUldQN8mipAVLy8KJ.html
2026-07-13,IT,Italy,kworb_spotify_daily,196,RE,3Eh8NAQVV8b1EzgKang5ne,Diversi,"[""2K5nCggbhSZ00YCYP5qkZS""]","[""Shiva""]",Shiva,66,31,,47010,,47010,47010,4477116,https://kworb.net/spotify/track/3Eh8NAQVV8b1EzgKang5ne.html
2026-07-13,IT,Italy,kworb_spotify_daily,197,-6,1QcmAp6Ev2HuYxKujUwnw0,il filo rosso,"[""7GacyaFUp0qkEJglERX9N7""]","[""Alfa""]",Alfa,569,2,(x5),46975,478,302241,46975,78720513,https://kworb.net/spotify/track/1QcmAp6Ev2HuYxKujUwnw0.html
2026-07-13,IT,Italy,kworb_spotify_daily,198,-21,5gTuH5Jl8PVUitsFzFslWu,Certe notti,"[""7H8ZC8uHJMPZGLMApRRNIz""]","[""Ligabue""]",Ligabue,110,103,,46785,-2159,265510,-5619,5727549,https://kworb.net/spotify/track/5gTuH5Jl8PVUitsFzFslWu.html
2026-07-13,IT,Italy,kworb_spotify_daily,199,-3,4MzXwWMhyBbmu6hOcLVD49,DÁKITI,"[""4q3ewBCX7sLwd24euuV69X"", ""6nVcHLIgY5pE2YCl8ubca1""]","[""Bad Bunny"", ""JHAYCO""]","Bad Bunny, JHAYCO",516,7,,46349,319,246699,46349,38273457,https://kworb.net/spotify/track/4MzXwWMhyBbmu6hOcLVD49.html
2026-07-13,IT,Italy,kworb_spotify_daily,200,-1,1mea3bSkSGXuIRvnydlB5b,Viva La Vida,"[""4gzpq5DPGxSnKTe4SA8HAU""]","[""Coldplay""]",Coldplay,253,65,,46260,409,197903,46260,13885993,https://kworb.net/spotify/track/1mea3bSkSGXuIRvnydlB5b.html
